Workbook
Name BASELINES: #REF!
Name basetable: #REF!
Name CISCONTROLS: #REF!
Name controls: #REF!
Name controls2: #REF!
Name ljhdsf: #REF!
Name newcontrols: #REF!
Name newNIST: #REF!
Name NIST: #REF!
Name NISTCONTROLS: #REF!
Name nxwalkr4: #REF!
Name XWALKR4: #REF!

Sheet Info
C2: Important Notes About This Workbook:
C3: Conditional Formatting of each Control ## worksheet is dependent upon two criteria: 1. The Value selected for "Implementation Group" on the Dashboard worksheet 2. The Value of columns A and B of each Control ## worksheet Selecting a value on the Dashboard worksheet controls which Safeguards are suppressed on both the Control ## and ScoringTables worksheets.
C5: Criticality weightings are derived from two factors: 1. The number of dependent Safeguards defined within the Controls Assessment Specification 2. The number of mitigations defined within the Community Defense Model
C7: WARNING: This workbook is delivered as-is and is not intended for risk assessment purposes. The measurements performed within this workbook are derived from the measurements described in the CIS Controls Assessment Specification, which is licensed under a Creative Commons Attribution-NonCommercial-No Derivatives 4.0 Internation Public License. In some cases, the measurements prescribed deviate considerably from the CAS, and are (therefore) not to be shared or utilized outside the State of Oregon Executive Branch.
B9: CIS-CAS Alignment Notes:
B10: 1.01 | C10: Calculates "Completeness Score" as a ratio of expected elements rather than assets
B11: 1.02 | C11: Calculates score utilizing "first seen" date rather than a "rescan" after 7 days
B12: 1.03 | C12: Discovery Coverage is calculated based on leasable IP rather than discovered assets, "compliance" calculation has a default of 69%.
B13: 1.04 | C13: Aligns with CIS-CAS
B14: 1.05 | C14: Aligns with CIS-CAS
B15: 2.01 | C15: Calculates score as a ratio of expected elements rather than assets
B16: 2.02 | C16: Aligns with CIS-CAS
B17: 2.03 | C17: Calculates score utilizing "first seen" date rather than a "rescan" after 7 days
B18: 2.04 | C18: Aligns with CIS-CAS
B19: 2.05 | C19: Aligns with CIS-CAS
B20: 2.06 | C20: Aligns with CIS-CAS
B21: 2.07 | C21: Aligns with CIS-CAS
... B162: 18.05 | C162: Aligns with CIS-CAS
C165: For more information regarding the CIS Controls or Controls Assessment Specification, please refer to: http://www.cisecurity.org/controls/

Sheet GlobalSettings
B2: Implementation Group Assesed: | C2: 0 | D2: For CSS Assessments, Select "0"
B4: Assessment Date: | C4: 45901
B6: Assessment Target: | C6: 0.7
B8: Governance Document Update/Review Target (months): | C8: 24 | D8: To align with Statewide Standard for review of Policies/Procedures/Processes, set to "24"
B10: Provide Partial Credit for "Overdue" Governance Items: | C10: Yes | D10: Overrides zero scores for out-of-date items and adjusts score by [Assessment Target minus 1%]
B12: Provide Partial Credit for "Overdue" Inventory Items: | C12: Yes | D12: Overrides zero scores for out-of-date items and adjusts score by half
B14: Completion Date: | C14: 45930

Sheet Dashboards
BQ19: Target % or Above - Meets Expectations
BQ20: 51% - Target % - Needs Improvement
BQ21: 26% - 50% - Poor
BQ22: 1% - 25% - Extremely Poor
BQ23: Not Implemented
BQ24: Not Assessed
AY31: Target % or Above - Meets Expectations
AY32: 51% - Target % - Needs Improvement
AY33: 26% - 50% - Poor
AY34: 1% - 25% - Extremely Poor
AY35: Not Implemented
AY36: Not Assessed

Sheet Artifacts
C2: Artifact ID | D2: Artifact Name | E2: Artifact Provided | F2: Artifact Review Date
A3: 0 | C3: GV01 | D3: Enterprise Asset Inventory | E3: Artifact Not Provided | F3: 1
A4: 0 | C4: GV03.a | D4: Configuration Standards: Operating Systems & Software | E4: Artifact Not Provided | F4: 1
A5: 0 | C5: GV03.b | D5: Configuration Standards: Active Discovery Tool(s) | E5: Artifact Not Provided | F5: 1
A6: 0 | C6: GV03.c | D6: Configuration Standards: Encryption Software / Mecnanisms for End-User Devices | E6: Artifact Not Provided | F6: 1
A7: 0 | C7: GV03.d | D7: Configuration Standards: DNS Servers | E7: Artifact Not Provided | F7: 1
A8: 0 | C8: GV03.e | D8: Configuration Standards: Authorized Remote Access Assets | E8: Artifact Not Provided | F8: 1
A9: 0 | C9: GV03.f | D9: Configuration Standards: Automated Patch Management Software | E9: Artifact Not Provided | F9: 1
A10: 0 | C10: GV03.g | D10: Configuration Standards: Vulnerability Scanners / Scanning Software | E10: Artifact Not Provided | F10: 1
A11: 0 | C11: GV03.h | D11: Configuration Standards: MFA Mechanisms for Admin Accounts, Remote Access, & Accounts on Externally-Exposed Applications | E11: Artifact Not Provided | F11: 1
C12: GV04 | D12: Enterprise Network Architecture Documentation | E12: Artifact Not Provided | F12: 1
A13: 0 | C13: GV05 | D13: Authorized Software Inventory | E13: Artifact Not Provided | F13: 1
A14: 0 | C14: GV09 | D14: Approved Configuration(s) for Allowlisting Software | E14: Artifact Not Provided | F14: 1
A15: 0 | C15: GV10 | D15: Organization's Data Management Process | E15: Artifact Not Provided | F15: 1
A16: 0 | C16: GV12 | D16: Sensitive Data Inventory | E16: Artifact Not Provided | F16: 1
A17: 0 | C17: GV18 | D17: Enterprise Assets Storing Sensitive Data | E17: Artifact Not Provided | F17: 1
A18: 0 | C18: GV20 | D18: Unique Password Policy | E18: Artifact Not Provided | F18: 1
A19: 0 | C19: GV22 | D19: Inventory of Accounts | E19: Artifact Not Provided | F19: 1
C20: GV23 | D20: Inventory of Authentication and Authorization Systems | E20: Artifact Not Provided | F20: 1
A21: 0 | C21: GV24 | D21: Authorized Automated Patch Management Software | E21: Artifact Not Provided | F21: 1
A22: 0 | C22: GV25 | D22: List of Vulnerability Scanning Software | E22: Artifact Not Provided | F22: 1
A23: 0 | C23: GV26 | D23: Agency Audit Log Management Process (inherited from Enterprise) | E23: Artifact Not Provided | F23: 1
A24: 0 | C24: GV31 | D24: List of Authorized Anti‐malware Software | E24: Artifact Not Provided | F24: 1
C25: GV35 | D25: Assets that are Part of the Network Infrastructure | E25: Artifact Not Provided | F25: 1
A26: 0 | C26: GV43 | D26: List of workforce members | E26: Artifact Not Provided | F26: 1
A27: 0 | C27: GV44 | D27: Service Provider Inventory List | E27: Artifact Not Provided | F27: 1
C28: GV45 | D28: Service Provider Management Policy | E28: Artifact Not Provided | F28: 1
C29: GV47 | D29: Inventory of Third-Party Software Components | E29: Artifact Not Provided | F29: 1
C30: GV48 | D30: Process to Accept and Address Software Vulnerabilities | E30: Artifact Not Provided | F30: 1
C31: GV49 | D31: Secure Application Development Process | E31: Artifact Not Provided | F31: 1
A32: 0 | C32: GV51 | D32: Agency Incident Response Documentation | E32: Artifact Not Provided | F32: 1
C33: GV52 | D33: Agency Incident Response Process | E33: Artifact Not Provided | F33: 1
A34: 9 | B34: 2 | C34: GV53 | D34: Penetration Testing Program Documentation | E34: Artifact Not Provided | F34: 1
A35: 0 | C35: GV54 | D35: Most recent external penetration test report for the organization | E35: Artifact Not Provided | F35: 1
C36: GV55 | D36: Most recent internal penetration test report for the organization | E36: Artifact Not Provided | F36: 1
A37: 0 | C37: AD01 | D37: IP Address Management Documentation for the Organization | E37: Artifact Not Provided | F37: 1
A38: 0 | C38: AD02 | D38: Agency policy documentation that defines the timeframe for removing unauthorized devices | E38: Artifact Not Provided | F38: 1
A39: 0 | C39: AD03 | D39: List of Active Discovery Tool(s) Used by the Organization | E39: Artifact Not Provided | F39: 1
A40: 0 | C40: AD04 | D40: Exception Documentation for Unsupported Software That is Necessary for the Fulfillment of the Organization's Mission | E40: Artifact Not Provided | F40: 1
A41: 0 | C41: AD05 | D41: Policy Documentation That Defines the Timeframe Between Consecutive Active Software Discovery Scans | E41: Artifact Not Provided | F41: 1
A42: 0 | C42: AD06 | D42: List of Software Inventory Tools in use by the Organization | E42: Artifact Not Provided | F42: 1
A43: 0 | C43: AD07 | D43: Process for Granting Access to Organization Assets | E43: Artifact Not Provided | F43: 1
A44: 0 | C44: AD08 | D44: Process for Revoking Access to Organization Assets | E44: Artifact Not Provided | F44: 1
A45: 0 | C45: AD09 | D45: Organization Vulnerability Management Process | E45: Artifact Not Provided | F45: 1
A46: 0 | C46: AD10 | D46: Organization Vulnerability Remediation Process | E46: Artifact Not Provided | F46: 1
A47: 0 | C47: AD11 | D47: Documented Data Recovery Process for the Organization | E47: Artifact Not Provided | F47: 1
A48: 0 | C48: AD12 | D48: Agency Security Awareness Training Program Plan (or EIS Information Security Awareness & Training Program Plan) | E48: Artifact Not Provided | F48: 1
... A50: 0 | C50: AD14 | D50: Security Awareness and Training metrics for the prior year | E50: Artifact Not Provided | F50: 1
C52: NOTE: Full descriptions of Artifacts, including necessary elements, can be found in the linked CSS Assessments Artifact Request

Sheet ScoringTables
B2: Safeguard | D2: IG | E2: Dep | F2: MITRE 5 | G2: Criticality | H2: Weight | I2: Score | L2: Control | N2: Agency Score | O2: Weight | P2: Residual | Q2: 0-25 | R2: 26-50 | S2: 51-X | T2: X-100 | U2: HIDE | V2: Enterprise Average | W2: Target
B3: 1.01 | C3: Establish and Maintain Detailed Enterprise Asset Inventory | D3: 1 | E3: 65 | F3: 0 | G3: =IF(OR(E3>10,F3>5),"Critical",IF(OR(AND(E3>0,E3<11),AND(F3>0,F3<6)),"High","Medium")) -> Critical | H3: =IF(OR(GlobalSettings!$C$2=0,D3<=GlobalSettings!$C$2),IF(G3="Critical",5,IF(G3="High",3,(IF(G3="Medium",1,0)))),0) -> 5 | I3: ='Control 01'!F16 -> 0 | J3: =IF(OR(GlobalSettings!$C$2=0,D3<=GlobalSettings!$C$2),'Control 01'!E18,"") -> Safeguard Scoring Incomplete | L3: 1 | M3: Inventory and Control of Enterprise Assets | N3: =IFERROR(IF(U3=0,SUMPRODUCT(I3:I7,H3:H7)/SUM(H3:H7),"N/A"),0) -> 0 | O3: =IF(U3=0,SUM(H3:H7),0) -> 6 | P3: =IF(U3=0,1-N3,0) -> 1 | Q3: =IF(U3=0,IF($N3<=0.25,$N3,0),0) -> 0 | R3: =IF(U3=0,IF(AND($N3>=0.25001,$N3<=0.5),$N3,0),0) -> 0 | S3: =IF(U3=0,IF(AND($N3>=0.50001,$N3<=(GlobalSettings!$C$6-0.00001)),$N3,0),0) -> 0 | T3: =IF(U3=0,IF($N3>=GlobalSettings!$C$6,$N3,0),0) -> 0 | U3: =IF('Control 01'!$F$2="Not Assessed",1,0) -> 0 | V3: 0.610288 | W3: =GlobalSettings!$C$6 -> 0.7
B4: 1.02 | C4: Address Unauthorized Assets | D4: 1 | E4: 0 | F4: 0 | G4: =IF(OR(E4>10,F4>5),"Critical",IF(OR(AND(E4>0,E4<11),AND(F4>0,F4<6)),"High","Medium")) -> Medium | H4: =IF(OR(GlobalSettings!$C$2=0,D4<=GlobalSettings!$C$2),IF(G4="Critical",5,IF(G4="High",3,(IF(G4="Medium",1,0)))),0) -> 1 | I4: ='Control 01'!F26 -> 0 | J4: =IF(OR(GlobalSettings!$C$2=0,D4<=GlobalSettings!$C$2),'Control 01'!E28,"") -> Safeguard Scoring Incomplete | L4: 2 | M4: Inventory and Control of Software Assets | N4: =IFERROR(IF(U4=0,SUMPRODUCT(I8:I14,H8:H14)/SUM(H8:H14),"N/A"),0) -> 0 | O4: =IF(U4=0,SUM(H8:H14),0) -> 10 | P4: =IF(U4=0,1-N4,0) -> 1 | Q4: =IF(U4=0,IF($N4<=0.25,$N4,0),0) -> 0 | R4: =IF(U4=0,IF(AND($N4>=0.25001,$N4<=0.5),$N4,0),0) -> 0 | S4: =IF(U4=0,IF(AND($N4>=0.50001,$N4<=(GlobalSettings!$C$6-0.00001)),$N4,0),0) -> 0 | T4: =IF(U4=0,IF($N4>=GlobalSettings!$C$6,$N4,0),0) -> 0 | U4: =IF('Control 02'!$F$2="Not Assessed",1,0) -> 0 | V4: 0.616896 | W4: =GlobalSettings!$C$6 -> 0.7
B5: 1.03 | C5: Utilize an Active Discovery Tool | D5: 2 | E5: 0 | F5: 0 | G5: =IF(OR(E5>10,F5>5),"Critical",IF(OR(AND(E5>0,E5<11),AND(F5>0,F5<6)),"High","Medium")) -> Medium | H5: =IF(D5<=GlobalSettings!$C$2,IF(G5="Critical",5,IF(G5="High",3,(IF(G5="Medium",1,0)))),0) -> 0 | I5: ='Control 01'!F40 -> 0 | J5: =IF(D5<=GlobalSettings!$C$2,'Control 01'!E56,"") | L5: 3 | M5: Data Protection | N5: =IFERROR(IF(U5=0,SUMPRODUCT(I15:I28,H15:H28)/SUM(H15:H28),"N/A"),0) -> 0 | O5: =IF(U5=0,SUM(H15:H28),0) -> 12 | P5: =IF(U5=0,1-N5,0) -> 1 | Q5: =IF(U5=0,IF($N5<=0.25,$N5,0),0) -> 0 | R5: =IF(U5=0,IF(AND($N5>=0.25001,$N5<=0.5),$N5,0),0) -> 0 | S5: =IF(U5=0,IF(AND($N5>=0.50001,$N5<=(GlobalSettings!$C$6-0.00001)),$N5,0),0) -> 0 | T5: =IF(U5=0,IF($N5>=GlobalSettings!$C$6,$N5,0),0) -> 0 | U5: =IF('Control 03'!$F$2="Not Assessed",1,0) -> 0 | V5: 0.5743 | W5: =GlobalSettings!$C$6 -> 0.7
B6: 1.04 | C6: Use Dynamic Host Configuration Protocol (DHCP) Logging to Update Enterprise Asset Inventory | D6: 2 | E6: 0 | F6: 0 | G6: =IF(OR(E6>10,F6>5),"Critical",IF(OR(AND(E6>0,E6<11),AND(F6>0,F6<6)),"High","Medium")) -> Medium | H6: =IF(D6<=GlobalSettings!$C$2,IF(G6="Critical",5,IF(G6="High",3,(IF(G6="Medium",1,0)))),0) -> 0 | I6: ='Control 01'!F55 -> 0 | J6: =IF(D6<=GlobalSettings!$C$2,'Control 01'!E57,"") | L6: 4 | M6: Secure Configuration of Enterprise Assets and Software | N6: =IFERROR(IF(U6=0,SUMPRODUCT(I29:I40,H29:H40)/SUM(H29:H40),"N/A"),0) -> 0 | O6: =IF(U6=0,SUM(H29:H40),0) -> 15 | P6: =IF(U6=0,1-N6,0) -> 1 | Q6: =IF(U6=0,IF($N6<=0.25,$N6,0),0) -> 0 | R6: =IF(U6=0,IF(AND($N6>=0.25001,$N6<=0.5),$N6,0),0) -> 0 | S6: =IF(U6=0,IF(AND($N6>=0.50001,$N6<=(GlobalSettings!$C$6-0.00001)),$N6,0),0) -> 0 | T6: =IF(U6=0,IF($N6>=GlobalSettings!$C$6,$N6,0),0) -> 0 | U6: =IF('Control 04'!$F$2="Not Assessed",1,0) -> 0 | V6: 0.597856 | W6: =GlobalSettings!$C$6 -> 0.7
B7: 1.05 | C7: Use a Passive Asset Discovery Tool | D7: 3 | E7: 0 | F7: 0 | G7: =IF(OR(E7>10,F7>5),"Critical",IF(OR(AND(E7>0,E7<11),AND(F7>0,F7<6)),"High","Medium")) -> Medium | H7: =IF(D7<=GlobalSettings!$C$2,IF(G7="Critical",5,IF(G7="High",3,(IF(G7="Medium",1,0)))),0) -> 0 | I7: ='Control 01'!F66 -> 0 | J7: =IF(D7<=GlobalSettings!$C$2,'Control 01'!E68,"") | L7: 5 | M7: Account Management | N7: =IFERROR(IF(U7=0,SUMPRODUCT(I41:I46,H41:H46)/SUM(H41:H46),"N/A"),0) -> 0 | O7: =IF(U7=0,SUM(H41:H46),0) -> 16 | P7: =IF(U7=0,1-N7,0) -> 1 | Q7: =IF(U7=0,IF($N7<=0.25,$N7,0),0) -> 0 | R7: =IF(U7=0,IF(AND($N7>=0.25001,$N7<=0.5),$N7,0),0) -> 0 | S7: =IF(U7=0,IF(AND($N7>=0.50001,$N7<=(GlobalSettings!$C$6-0.00001)),$N7,0),0) -> 0 | T7: =IF(U7=0,IF($N7>=GlobalSettings!$C$6,$N7,0),0) -> 0 | U7: =IF('Control 05'!$F$2="Not Assessed",1,0) -> 0 | V7: 0.698096 | W7: =GlobalSettings!$C$6 -> 0.7
B8: 2.01 | C8: Establish and Maintain a Software Inventory | D8: 1 | E8: 49 | F8: 0 | G8: =IF(OR(E8>10,F8>5),"Critical",IF(OR(AND(E8>0,E8<11),AND(F8>0,F8<6)),"High","Medium")) -> Critical | H8: =IF(OR(GlobalSettings!$C$2=0,D8<=GlobalSettings!$C$2),IF(G8="Critical",5,IF(G8="High",3,(IF(G8="Medium",1,0)))),0) -> 5 | I8: ='Control 02'!F17 -> 0 | J8: =IF(OR(GlobalSettings!$C$2=0,D8<=GlobalSettings!$C$2),'Control 02'!E19,"") -> Safeguard Scoring Incomplete | L8: 6 | M8: Access Control Management | N8: =IFERROR(IF(U8=0,SUMPRODUCT(I47:I54,H47:H54)/SUM(H47:H54),"N/A"),0) -> 0 | O8: =IF(U8=0,SUM(H47:H54),0) -> 16 | P8: =IF(U8=0,1-N8,0) -> 1 | Q8: =IF(U8=0,IF($N8<=0.25,$N8,0),0) -> 0 | R8: =IF(U8=0,IF(AND($N8>=0.25001,$N8<=0.5),$N8,0),0) -> 0 | S8: =IF(U8=0,IF(AND($N8>=0.50001,$N8<=(GlobalSettings!$C$6-0.00001)),$N8,0),0) -> 0 | T8: =IF(U8=0,IF($N8>=GlobalSettings!$C$6,$N8,0),0) -> 0 | U8: =IF('Control 06'!$F$2="Not Assessed",1,0) -> 0 | V8: 0.50008 | W8: =GlobalSettings!$C$6 -> 0.7
B9: 2.02 | C9: Ensure Authorized Software is Currently Supported | D9: 1 | E9: 0 | F9: 0 | G9: =IF(OR(E9>10,F9>5),"Critical",IF(OR(AND(E9>0,E9<11),AND(F9>0,F9<6)),"High","Medium")) -> Medium | H9: =IF(OR(GlobalSettings!$C$2=0,D9<=GlobalSettings!$C$2),IF(G9="Critical",5,IF(G9="High",3,(IF(G9="Medium",1,0)))),0) -> 1 | I9: ='Control 02'!F34 -> 0 | J9: =IF(OR(GlobalSettings!$C$2=0,D9<=GlobalSettings!$C$2),'Control 02'!E36,"") -> Safeguard Scoring Incomplete | L9: 7 | M9: Continuous Vulnerability Management | N9: =IFERROR(IF(U9=0,SUMPRODUCT(I55:I61,H55:H61)/SUM(H55:H61),"N/A"),0) -> 0 | O9: =IF(U9=0,SUM(H55:H61),0) -> 8 | P9: =IF(U9=0,1-N9,0) -> 1 | Q9: =IF(U9=0,IF($N9<=0.25,$N9,0),0) -> 0 | R9: =IF(U9=0,IF(AND($N9>=0.25001,$N9<=0.5),$N9,0),0) -> 0 | S9: =IF(U9=0,IF(AND($N9>=0.50001,$N9<=(GlobalSettings!$C$6-0.00001)),$N9,0),0) -> 0 | T9: =IF(U9=0,IF($N9>=GlobalSettings!$C$6,$N9,0),0) -> 0 | U9: =IF('Control 07'!$F$2="Not Assessed",1,0) -> 0 | V9: 0.693952 | W9: =GlobalSettings!$C$6 -> 0.7
B10: 2.03 | C10: Address Unauthorized Software | D10: 1 | E10: 2 | F10: 3 | G10: =IF(OR(E10>10,F10>5),"Critical",IF(OR(AND(E10>0,E10<11),AND(F10>0,F10<6)),"High","Medium")) -> High | H10: =IF(OR(GlobalSettings!$C$2=0,D10<=GlobalSettings!$C$2),IF(G10="Critical",5,IF(G10="High",3,(IF(G10="Medium",1,0)))),0) -> 3 | I10: ='Control 02'!F45 -> 0 | J10: =IF(OR(GlobalSettings!$C$2=0,D10<=GlobalSettings!$C$2),'Control 02'!E47,"") -> Safeguard Scoring Incomplete | L10: 8 | M10: Audit Log Management | N10: =IFERROR(IF(U10=0,SUMPRODUCT(I62:I73,H62:H73)/SUM(H62:H73),"N/A"),0) -> 0 | O10: =IF(U10=0,SUM(H62:H73),0) -> 18 | P10: =IF(U10=0,1-N10,0) -> 1 | Q10: =IF(U10=0,IF($N10<=0.25,$N10,0),0) -> 0 | R10: =IF(U10=0,IF(AND($N10>=0.25001,$N10<=0.5),$N10,0),0) -> 0 | S10: =IF(U10=0,IF(AND($N10>=0.50001,$N10<=(GlobalSettings!$C$6-0.00001)),$N10,0),0) -> 0 | T10: =IF(U10=0,IF($N10>=GlobalSettings!$C$6,$N10,0),0) -> 0 | U10: =IF('Control 08'!$F$2="Not Assessed",1,0) -> 0 | V10: 0.632016 | W10: =GlobalSettings!$C$6 -> 0.7
B11: 2.04 | C11: Utilize Automated Software Inventory Tools | D11: 2 | E11: 0 | F11: 0 | G11: =IF(OR(E11>10,F11>5),"Critical",IF(OR(AND(E11>0,E11<11),AND(F11>0,F11<6)),"High","Medium")) -> Medium | H11: =IF(OR(GlobalSettings!$C$2=0,D11<=GlobalSettings!$C$2),IF(G11="Critical",5,IF(G11="High",3,(IF(G11="Medium",1,0)))),0) -> 1 | I11: ='Control 02'!F55 -> 0 | J11: =IF(OR(GlobalSettings!$C$2=0,D11<=GlobalSettings!$C$2),'Control 02'!E57,"") -> Safeguard Scoring Incomplete | L11: 9 | M11: Email and Web Browser Protections | N11: =IFERROR(IF(U11=0,SUMPRODUCT(I74:I80,H74:H80)/SUM(H74:H80),"N/A"),0) -> 0 | O11: =IF(U11=0,SUM(H74:H80),0) -> 2 | P11: =IF(U11=0,1-N11,0) -> 1 | Q11: =IF(U11=0,IF($N11<=0.25,$N11,0),0) -> 0 | R11: =IF(U11=0,IF(AND($N11>=0.25001,$N11<=0.5),$N11,0),0) -> 0 | S11: =IF(U11=0,IF(AND($N11>=0.50001,$N11<=(GlobalSettings!$C$6-0.00001)),$N11,0),0) -> 0 | T11: =IF(U11=0,IF($N11>=GlobalSettings!$C$6,$N11,0),0) -> 0 | U11: =IF('Control 09'!$F$2="Not Assessed",1,0) -> 0 | V11: 0.628768 | W11: =GlobalSettings!$C$6 -> 0.7
B12: 2.05 | C12: Allowlist Authorized Software | D12: 2 | E12: 1 | F12: 3 | G12: =IF(OR(E12>10,F12>5),"Critical",IF(OR(AND(E12>0,E12<11),AND(F12>0,F12<6)),"High","Medium")) -> High | H12: =IF(D12<=GlobalSettings!$C$2,IF(G12="Critical",5,IF(G12="High",3,(IF(G12="Medium",1,0)))),0) -> 0 | I12: ='Control 02'!F68 -> 0 | J12: =IF(D12<=GlobalSettings!$C$2,'Control 02'!E70,"") | L12: 10 | M12: Malware Defenses | N12: =IFERROR(IF(U12=0,SUMPRODUCT(I81:I87,H81:H87)/SUM(H81:H87),"N/A"),0) -> 0 | O12: =IF(U12=0,SUM(H81:H87),0) -> 7 | P12: =IF(U12=0,1-N12,0) -> 1 | Q12: =IF(U12=0,IF($N12<=0.25,$N12,0),0) -> 0 | R12: =IF(U12=0,IF(AND($N12>=0.25001,$N12<=0.5),$N12,0),0) -> 0 | S12: =IF(U12=0,IF(AND($N12>=0.50001,$N12<=(GlobalSettings!$C$6-0.00001)),$N12,0),0) -> 0 | T12: =IF(U12=0,IF($N12>=GlobalSettings!$C$6,$N12,0),0) -> 0 | U12: =IF('Control 10'!$F$2="Not Assessed",1,0) -> 0 | V12: 0.85904 | W12: =GlobalSettings!$C$6 -> 0.7
B13: 2.06 | C13: Allowlist Authorized Libraries | D13: 2 | E13: 0 | F13: 1 | G13: =IF(OR(E13>10,F13>5),"Critical",IF(OR(AND(E13>0,E13<11),AND(F13>0,F13<6)),"High","Medium")) -> High | H13: =IF(D13<=GlobalSettings!$C$2,IF(G13="Critical",5,IF(G13="High",3,(IF(G13="Medium",1,0)))),0) -> 0 | I13: ='Control 02'!F79 -> 0 | J13: =IF(D13<=GlobalSettings!$C$2,'Control 02'!E81,"") | L13: 11 | M13: Data Recovery | N13: =IFERROR(IF(U13=0,SUMPRODUCT(I88:I92,H88:H92)/SUM(H88:H92),"N/A"),0) -> 0 | O13: =IF(U13=0,SUM(H88:H92),0) -> 8 | P13: =IF(U13=0,1-N13,0) -> 1 | Q13: =IF(U13=0,IF($N13<=0.25,$N13,0),0) -> 0 | R13: =IF(U13=0,IF(AND($N13>=0.25001,$N13<=0.5),$N13,0),0) -> 0 | S13: =IF(U13=0,IF(AND($N13>=0.50001,$N13<=(GlobalSettings!$C$6-0.00001)),$N13,0),0) -> 0 | T13: =IF(U13=0,IF($N13>=GlobalSettings!$C$6,$N13,0),0) -> 0 | U13: =IF('Control 11'!$F$2="Not Assessed",1,0) -> 0 | V13: 0.7625 | W13: =GlobalSettings!$C$6 -> 0.7
B14: 2.07 | C14: Allowlist Authorized Scripts | D14: 3 | E14: 0 | F14: 2 | G14: =IF(OR(E14>10,F14>5),"Critical",IF(OR(AND(E14>0,E14<11),AND(F14>0,F14<6)),"High","Medium")) -> High | H14: =IF(D14<=GlobalSettings!$C$2,IF(G14="Critical",5,IF(G14="High",3,(IF(G14="Medium",1,0)))),0) -> 0 | I14: ='Control 02'!F90 -> 0 | J14: =IF(D14<=GlobalSettings!$C$2,'Control 02'!E92,"") | L14: 12 | M14: Network Infrastructure Management | N14: =IFERROR(IF(U14=0,SUMPRODUCT(I93:I100,H93:H100)/SUM(H93:H100),"N/A"),0) -> N/A | O14: =IF(U14=0,SUM(H93:H100),0) -> 0 | P14: =IF(U14=0,1-N14,0) -> 0 | Q14: =IF(U14=0,IF($N14<=0.25,$N14,0),0) -> 0 | R14: =IF(U14=0,IF(AND($N14>=0.25001,$N14<=0.5),$N14,0),0) -> 0 | S14: =IF(U14=0,IF(AND($N14>=0.50001,$N14<=(GlobalSettings!$C$6-0.00001)),$N14,0),0) -> 0 | T14: =IF(U14=0,IF($N14>=GlobalSettings!$C$6,$N14,0),0) -> 0 | U14: =IF('Control 12'!$F$2="Not Assessed",1,0) -> 1 | V14: 0 | W14: =GlobalSettings!$C$6 -> 0.7
B15: 3.01 | C15: Establish and Maintain a Data Management Process | D15: 1 | E15: 4 | F15: 1 | G15: =IF(OR(E15>10,F15>5),"Critical",IF(OR(AND(E15>0,E15<11),AND(F15>0,F15<6)),"High","Medium")) -> High | H15: =IF(OR(GlobalSettings!$C$2=0,D15<=GlobalSettings!$C$2),IF(G15="Critical",5,IF(G15="High",3,(IF(G15="Medium",1,0)))),0) -> 3 | I15: ='Control 03'!F12 -> 0 | J15: =IF(OR(GlobalSettings!$C$2=0,D15<=GlobalSettings!$C$2),'Control 03'!E14,"") -> Safeguard Scoring Incomplete | L15: 13 | M15: Network Monitoring & Defense | N15: =IFERROR(IF(U15=0,SUMPRODUCT(I101:I111,H101:H111)/SUM(H101:H111),"N/A"),0) -> 0 | O15: =IF(U15=0,SUM(H101:H111),0) -> 6 | P15: =IF(U15=0,1-N15,0) -> 1 | Q15: =IF(U15=0,IF($N15<=0.25,$N15,0),0) -> 0 | R15: =IF(U15=0,IF(AND($N15>=0.25001,$N15<=0.5),$N15,0),0) -> 0 | S15: =IF(U15=0,IF(AND($N15>=0.50001,$N15<=(GlobalSettings!$C$6-0.00001)),$N15,0),0) -> 0 | T15: =IF(U15=0,IF($N15>=GlobalSettings!$C$6,$N15,0),0) -> 0 | U15: =IF('Control 13'!$F$2="Not Assessed",1,0) -> 0 | V15: 0.966 | W15: =GlobalSettings!$C$6 -> 0.7
B16: 3.02 | C16: Establish and Maintain a Data Inventory | D16: 1 | E16: 8 | F16: 0 | G16: =IF(OR(E16>10,F16>5),"Critical",IF(OR(AND(E16>0,E16<11),AND(F16>0,F16<6)),"High","Medium")) -> High | H16: =IF(OR(GlobalSettings!$C$2=0,D16<=GlobalSettings!$C$2),IF(G16="Critical",5,IF(G16="High",3,(IF(G16="Medium",1,0)))),0) -> 3 | I16: ='Control 03'!F28 -> 0 | J16: =IF(OR(GlobalSettings!$C$2=0,D16<=GlobalSettings!$C$2),'Control 03'!E30,"") -> Safeguard Scoring Incomplete | L16: 14 | M16: Security Awareness and Skills Training | N16: =IFERROR(IF(U16=0,SUMPRODUCT(I112:I120,H112:H120)/SUM(H112:H120),"N/A"),0) -> 0 | O16: =IF(U16=0,SUM(H112:H120),0) -> 11 | P16: =IF(U16=0,1-N16,0) -> 1 | Q16: =IF(U16=0,IF($N16<=0.25,$N16,0),0) -> 0 | R16: =IF(U16=0,IF(AND($N16>=0.25001,$N16<=0.5),$N16,0),0) -> 0 | S16: =IF(U16=0,IF(AND($N16>=0.50001,$N16<=(GlobalSettings!$C$6-0.00001)),$N16,0),0) -> 0 | T16: =IF(U16=0,IF($N16>=GlobalSettings!$C$6,$N16,0),0) -> 0 | U16: =IF('Control 14'!$F$2="Not Assessed",1,0) -> 0 | V16: 0.83832 | W16: =GlobalSettings!$C$6 -> 0.7
B17: 3.03 | C17: Configure Data Access Control Lists | D17: 1 | E17: 0 | F17: 2 | G17: =IF(OR(E17>10,F17>5),"Critical",IF(OR(AND(E17>0,E17<11),AND(F17>0,F17<6)),"High","Medium")) -> High | H17: =IF(D17<=GlobalSettings!$C$2,IF(G17="Critical",5,IF(G17="High",3,(IF(G17="Medium",1,0)))),0) -> 0 | I17: ='Control 03'!F43 -> 0 | J17: =IF(D17<=GlobalSettings!$C$2,'Control 03'!E45,"") | L17: 15 | M17: Service Provider Management | N17: =IFERROR(IF(U17=0,SUMPRODUCT(I121:I127,H121:H127)/SUM(H121:H127),"N/A"),0) -> 0 | O17: =IF(U17=0,SUM(H121:H127),0) -> 3 | P17: =IF(U17=0,1-N17,0) -> 1 | Q17: =IF(U17=0,IF($N17<=0.25,$N17,0),0) -> 0 | R17: =IF(U17=0,IF(AND($N17>=0.25001,$N17<=0.5),$N17,0),0) -> 0 | S17: =IF(U17=0,IF(AND($N17>=0.50001,$N17<=(GlobalSettings!$C$6-0.00001)),$N17,0),0) -> 0 | T17: =IF(U17=0,IF($N17>=GlobalSettings!$C$6,$N17,0),0) -> 0 | U17: =IF('Control 15'!$F$2="Not Assessed",1,0) -> 0 | V17: 0.458304 | W17: =GlobalSettings!$C$6 -> 0.7
B18: 3.04 | C18: Enforce Data Retention | D18: 1 | E18: 0 | F18: 1 | G18: =IF(OR(E18>10,F18>5),"Critical",IF(OR(AND(E18>0,E18<11),AND(F18>0,F18<6)),"High","Medium")) -> High | H18: =IF(OR(GlobalSettings!$C$2=0,D18<=GlobalSettings!$C$2),IF(G18="Critical",5,IF(G18="High",3,(IF(G18="Medium",1,0)))),0) -> 3 | I18: ='Control 03'!F58 -> 0 | J18: =IF(OR(GlobalSettings!$C$2=0,D18<=GlobalSettings!$C$2),'Control 03'!E60,"") -> Safeguard Scoring Incomplete | L18: 16 | M18: Application Software Security | N18: =IFERROR(IF(U18=0,SUMPRODUCT(I128:I141,H128:H141)/SUM(H128:H141),"N/A"),0) -> N/A | O18: =IF(U18=0,SUM(H128:H141),0) -> 0 | P18: =IF(U18=0,1-N18,0) -> 0 | Q18: =IF(U18=0,IF($N18<=0.25,$N18,0),0) -> 0 | R18: =IF(U18=0,IF(AND($N18>=0.25001,$N18<=0.5),$N18,0),0) -> 0 | S18: =IF(U18=0,IF(AND($N18>=0.50001,$N18<=(GlobalSettings!$C$6-0.00001)),$N18,0),0) -> 0 | T18: =IF(U18=0,IF($N18>=GlobalSettings!$C$6,$N18,0),0) -> 0 | U18: =IF('Control 16'!$F$2="Not Assessed",1,0) -> 1 | V18: 0 | W18: =GlobalSettings!$C$6 -> 0.7
B19: 3.05 | C19: Securely Dispose of Data | D19: 1 | E19: 0 | F19: 0 | G19: =IF(OR(E19>10,F19>5),"Critical",IF(OR(AND(E19>0,E19<11),AND(F19>0,F19<6)),"High","Medium")) -> Medium | H19: =IF(OR(GlobalSettings!$C$2=0,D19<=GlobalSettings!$C$2),IF(G19="Critical",5,IF(G19="High",3,(IF(G19="Medium",1,0)))),0) -> 1 | I19: ='Control 03'!F72 -> 0 | J19: =IF(OR(GlobalSettings!$C$2=0,D19<=GlobalSettings!$C$2),'Control 03'!E74,"") -> Safeguard Scoring Incomplete | L19: 17 | M19: Incident Response Management | N19: =IFERROR(IF(U19=0,SUMPRODUCT(I142:I150,H142:H150)/SUM(H142:H150),"N/A"),0) -> 0 | O19: =IF(U19=0,SUM(H142:H150),0) -> 3 | P19: =IF(U19=0,1-N19,0) -> 1 | Q19: =IF(U19=0,IF($N19<=0.25,$N19,0),0) -> 0 | R19: =IF(U19=0,IF(AND($N19>=0.25001,$N19<=0.5),$N19,0),0) -> 0 | S19: =IF(U19=0,IF(AND($N19>=0.50001,$N19<=(GlobalSettings!$C$6-0.00001)),$N19,0),0) -> 0 | T19: =IF(U19=0,IF($N19>=GlobalSettings!$C$6,$N19,0),0) -> 0 | U19: =IF('Control 17'!$F$2="Not Assessed",1,0) -> 0 | V19: 0.458192 | W19: =GlobalSettings!$C$6 -> 0.7
B20: 3.06 | C20: Encrypt Data on End-User Devices | D20: 1 | E20: 0 | F20: 0 | G20: =IF(OR(E20>10,F20>5),"Critical",IF(OR(AND(E20>0,E20<11),AND(F20>0,F20<6)),"High","Medium")) -> Medium | H20: =IF(OR(GlobalSettings!$C$2=0,D20<=GlobalSettings!$C$2),IF(G20="Critical",5,IF(G20="High",3,(IF(G20="Medium",1,0)))),0) -> 1 | I20: ='Control 03'!F84 -> 0 | J20: =IF(OR(GlobalSettings!$C$2=0,D20<=GlobalSettings!$C$2),'Control 03'!E86,"") -> Safeguard Scoring Incomplete | L20: 18 | M20: Penetration Testing | N20: =IFERROR(IF(U20=0,SUMPRODUCT(I151:I155,H151:H155)/SUM(H151:H155),"N/A"),0) -> 0 | O20: =IF(U20=0,SUM(H151:H155),0) -> 3 | P20: =IF(U20=0,1-N20,0) -> 1 | Q20: =IF(U20=0,IF($N20<=0.25,$N20,0),0) -> 0 | R20: =IF(U20=0,IF(AND($N20>=0.25001,$N20<=0.5),$N20,0),0) -> 0 | S20: =IF(U20=0,IF(AND($N20>=0.50001,$N20<=(GlobalSettings!$C$6-0.00001)),$N20,0),0) -> 0 | T20: =IF(U20=0,IF($N20>=GlobalSettings!$C$6,$N20,0),0) -> 0 | U20: =IF('Control 18'!$F$2="Not Assessed",1,0) -> 0 | V20: 0.8844 | W20: =GlobalSettings!$C$6 -> 0.7
B21: 3.07 | C21: Establish and Maintain a Data Classification Scheme | D21: 2 | E21: 0 | F21: 0 | G21: =IF(OR(E21>10,F21>5),"Critical",IF(OR(AND(E21>0,E21<11),AND(F21>0,F21<6)),"High","Medium")) -> Medium | H21: =IF(OR(GlobalSettings!$C$2=0,D21<=GlobalSettings!$C$2),IF(G21="Critical",5,IF(G21="High",3,(IF(G21="Medium",1,0)))),0) -> 1 | I21: ='Control 03'!F99 -> 0 | J21: =IF(OR(GlobalSettings!$C$2=0,D21<=GlobalSettings!$C$2),'Control 03'!E101,"") -> Safeguard Scoring Incomplete
B22: 3.08 | C22: Document Data Flows | D22: 2 | E22: 0 | F22: 0 | G22: =IF(OR(E22>10,F22>5),"Critical",IF(OR(AND(E22>0,E22<11),AND(F22>0,F22<6)),"High","Medium")) -> Medium | H22: =IF(D22<=GlobalSettings!$C$2,IF(G22="Critical",5,IF(G22="High",3,(IF(G22="Medium",1,0)))),0) -> 0 | I22: ='Control 03'!F110 -> 0 | J22: =IF(D22<=GlobalSettings!$C$2,'Control 03'!E112,"") | M22: Overall Score: | N22: =IFERROR(SUMPRODUCT(N3:N20,$O$3:$O$20)/SUM($O$3:$O$20),0) -> 0 | O22: =SUM(O3:O20) -> 144 | P22: =1-N22 -> 1 | Q22: =IF($N22<=0.25,$N22,0) -> 0 | R22: =IF(AND($N22>=0.25001,$N22<=0.5),$N22,0) -> 0 | S22: =IF(AND($N22>=0.50001,$N22<=(GlobalSettings!$C$6-0.00001)),$N22,0) -> 0 | T22: =IF($N22>=GlobalSettings!$C$6,$N22,0) -> 0 | V22: =IFERROR(SUMPRODUCT(V3:V20,$O$3:$O$20)/SUM($O$3:$O$20),0) -> 0.66374911
B23: 3.09 | C23: Encrypt Data on Removable Media | D23: 2 | E23: 0 | F23: 0 | G23: =IF(OR(E23>10,F23>5),"Critical",IF(OR(AND(E23>0,E23<11),AND(F23>0,F23<6)),"High","Medium")) -> Medium | H23: =IF(D23<=GlobalSettings!$C$2,IF(G23="Critical",5,IF(G23="High",3,(IF(G23="Medium",1,0)))),0) -> 0 | I23: ='Control 03'!F121 -> 0 | J23: =IF(D23<=GlobalSettings!$C$2,'Control 03'!E123,"")
B24: 3.1 | C24: Encrypt Sensitive Data in Transit | D24: 2 | E24: 0 | F24: 1 | G24: =IF(OR(E24>10,F24>5),"Critical",IF(OR(AND(E24>0,E24<11),AND(F24>0,F24<6)),"High","Medium")) -> High | H24: =IF(D24<=GlobalSettings!$C$2,IF(G24="Critical",5,IF(G24="High",3,(IF(G24="Medium",1,0)))),0) -> 0 | I24: ='Control 03'!F130 -> 0 | J24: =IF(D24<=GlobalSettings!$C$2,'Control 03'!E132,"")
B25: 3.11 | C25: Encrypt Sensitive Data at Rest | D25: 2 | E25: 0 | F25: 2 | G25: =IF(OR(E25>10,F25>5),"Critical",IF(OR(AND(E25>0,E25<11),AND(F25>0,F25<6)),"High","Medium")) -> High | H25: =IF(D25<=GlobalSettings!$C$2,IF(G25="Critical",5,IF(G25="High",3,(IF(G25="Medium",1,0)))),0) -> 0 | I25: ='Control 03'!F140 -> 0 | J25: =IF(D25<=GlobalSettings!$C$2,'Control 03'!E142,"") | M25: Metric | N25: Score | O25: Scale | P25: Fill | Q25: Size
B26: 3.12 | C26: Segment Data Processing and Storage Based on Sensitivity | D26: 2 | E26: 0 | F26: 5 | G26: =IF(OR(E26>10,F26>5),"Critical",IF(OR(AND(E26>0,E26<11),AND(F26>0,F26<6)),"High","Medium")) -> High | H26: =IF(D26<=GlobalSettings!$C$2,IF(G26="Critical",5,IF(G26="High",3,(IF(G26="Medium",1,0)))),0) -> 0 | I26: ='Control 03'!F149 -> 0 | J26: =IF(D26<=GlobalSettings!$C$2,'Control 03'!E151,"") | M26: CIS CAS Overall Average Score | N26: =N22 -> 0 | O26: 1 | P26: =N26-(Q26/2) -> -0.01 | Q26: 0.02
B27: 3.13 | C27: Deploy a Data Loss Prevention Solution | D27: 3 | E27: 0 | F27: 0 | G27: =IF(OR(E27>10,F27>5),"Critical",IF(OR(AND(E27>0,E27<11),AND(F27>0,F27<6)),"High","Medium")) -> Medium | H27: =IF(D27<=GlobalSettings!$C$2,IF(G27="Critical",5,IF(G27="High",3,(IF(G27="Medium",1,0)))),0) -> 0 | I27: ='Control 03'!F160 -> 0 | J27: =IF(D27<=GlobalSettings!$C$2,'Control 03'!E162,"")
B28: 3.14 | C28: Log Sensitive Data Access | D28: 3 | E28: 0 | F28: 0 | G28: =IF(OR(E28>10,F28>5),"Critical",IF(OR(AND(E28>0,E28<11),AND(F28>0,F28<6)),"High","Medium")) -> Medium | H28: =IF(D28<=GlobalSettings!$C$2,IF(G28="Critical",5,IF(G28="High",3,(IF(G28="Medium",1,0)))),0) -> 0 | I28: ='Control 03'!F171 -> 0 | J28: =IF(D28<=GlobalSettings!$C$2,'Control 03'!E173,"") | M28: Overall Assessment Completion | N28: =COUNTIF(J3:J155,"Safeguard Scoring Complete")/(COUNTIF(J3:J155,"Safeguard Scoring Complete")+COUNTIF(J3:J155,"Safeguard Scoring Incomplete")) -> 0
B29: 4.01 | C29: Establish and Maintain a Secure Configuration Process | D29: 1 | E29: 43 | F29: 10 | G29: =IF(OR(E29>10,F29>5),"Critical",IF(OR(AND(E29>0,E29<11),AND(F29>0,F29<6)),"High","Medium")) -> Critical | H29: =IF(OR(GlobalSettings!$C$2=0,D29<=GlobalSettings!$C$2),IF(G29="Critical",5,IF(G29="High",3,(IF(G29="Medium",1,0)))),0) -> 5 | I29: ='Control 04'!F12 -> 0 | J29: =IF(OR(GlobalSettings!$C$2=0,D29<=GlobalSettings!$C$2),'Control 04'!E14,"") -> Safeguard Scoring Incomplete
B30: 4.02 | C30: Establish and Maintain a Secure Configuration Process for Network Infrastructure | D30: 1 | E30: 7 | F30: 3 | G30: =IF(OR(E30>10,F30>5),"Critical",IF(OR(AND(E30>0,E30<11),AND(F30>0,F30<6)),"High","Medium")) -> High | H30: =IF(D30<=GlobalSettings!$C$2,IF(G30="Critical",5,IF(G30="High",3,(IF(G30="Medium",1,0)))),0) -> 0 | I30: ='Control 04'!F24 -> 0 | J30: =IF(D30<=GlobalSettings!$C$2,'Control 04'!E26,"")
B31: 4.03 | C31: Configure Automatic Session Locking on Enterprise Assets | D31: 1 | E31: 0 | F31: 0 | G31: =IF(OR(E31>10,F31>5),"Critical",IF(OR(AND(E31>0,E31<11),AND(F31>0,F31<6)),"High","Medium")) -> Medium | H31: =IF(OR(GlobalSettings!$C$2=0,D31<=GlobalSettings!$C$2),IF(G31="Critical",5,IF(G31="High",3,(IF(G31="Medium",1,0)))),0) -> 1 | I31: ='Control 04'!F36 -> 0 | J31: =IF(OR(GlobalSettings!$C$2=0,D31<=GlobalSettings!$C$2),'Control 04'!E38,"") -> Safeguard Scoring Incomplete
B32: 4.04 | C32: Implement and Manage a Firewall on Servers | D32: 1 | E32: 0 | F32: 3 | G32: =IF(OR(E32>10,F32>5),"Critical",IF(OR(AND(E32>0,E32<11),AND(F32>0,F32<6)),"High","Medium")) -> High | H32: =IF(OR(GlobalSettings!$C$2=0,D32<=GlobalSettings!$C$2),IF(G32="Critical",5,IF(G32="High",3,(IF(G32="Medium",1,0)))),0) -> 3 | I32: ='Control 04'!F48 -> 0 | J32: =IF(OR(GlobalSettings!$C$2=0,D32<=GlobalSettings!$C$2),'Control 04'!E50,"") -> Safeguard Scoring Incomplete
B33: 4.05 | C33: Implement and Manage a Firewall on End-User Devices | D33: 1 | E33: 0 | F33: 0 | G33: =IF(OR(E33>10,F33>5),"Critical",IF(OR(AND(E33>0,E33<11),AND(F33>0,F33<6)),"High","Medium")) -> Medium | H33: =IF(OR(GlobalSettings!$C$2=0,D33<=GlobalSettings!$C$2),IF(G33="Critical",5,IF(G33="High",3,(IF(G33="Medium",1,0)))),0) -> 1 | I33: ='Control 04'!F65 -> 0 | J33: =IF(OR(GlobalSettings!$C$2=0,D33<=GlobalSettings!$C$2),'Control 04'!E67,"") -> Safeguard Scoring Incomplete
B34: 4.06 | C34: Securely Manage Enterprise Assets and Software | D34: 1 | E34: 0 | F34: 0 | G34: =IF(OR(E34>10,F34>5),"Critical",IF(OR(AND(E34>0,E34<11),AND(F34>0,F34<6)),"High","Medium")) -> Medium | H34: =IF(D34<=GlobalSettings!$C$2,IF(G34="Critical",5,IF(G34="High",3,(IF(G34="Medium",1,0)))),0) -> 0 | I34: ='Control 04'!F76 -> 0 | J34: =IF(D34<=GlobalSettings!$C$2,'Control 04'!E78,"")
B35: 4.07 | C35: Manage Default Accounts on Enterprise Assets and Software | D35: 1 | E35: 0 | F35: 10 | G35: =IF(OR(E35>10,F35>5),"Critical",IF(OR(AND(E35>0,E35<11),AND(F35>0,F35<6)),"High","Medium")) -> Critical | H35: =IF(OR(GlobalSettings!$C$2=0,D35<=GlobalSettings!$C$2),IF(G35="Critical",5,IF(G35="High",3,(IF(G35="Medium",1,0)))),0) -> 5 | I35: ='Control 04'!F88 -> 0 | J35: =IF(OR(GlobalSettings!$C$2=0,D35<=GlobalSettings!$C$2),'Control 04'!E90,"") -> Safeguard Scoring Incomplete
B36: 4.08 | C36: Uninstall or Disable Unnecessary Services on Enterprise Assets and Software | D36: 2 | E36: 0 | F36: 6 | G36: =IF(OR(E36>10,F36>5),"Critical",IF(OR(AND(E36>0,E36<11),AND(F36>0,F36<6)),"High","Medium")) -> Critical | H36: =IF(D36<=GlobalSettings!$C$2,IF(G36="Critical",5,IF(G36="High",3,(IF(G36="Medium",1,0)))),0) -> 0 | I36: ='Control 04'!F101 -> 0 | J36: =IF(D36<=GlobalSettings!$C$2,'Control 04'!E103,"")
B37: 4.09 | C37: Configure Trusted DNS Servers on Enterprise Assets | D37: 2 | E37: 0 | F37: 0 | G37: =IF(OR(E37>10,F37>5),"Critical",IF(OR(AND(E37>0,E37<11),AND(F37>0,F37<6)),"High","Medium")) -> Medium | H37: =IF(D37<=GlobalSettings!$C$2,IF(G37="Critical",5,IF(G37="High",3,(IF(G37="Medium",1,0)))),0) -> 0 | I37: ='Control 04'!F111 -> 0 | J37: =IF(D37<=GlobalSettings!$C$2,'Control 04'!E113,"")
B38: 4.1 | C38: Enforce Automatic Device Lockout on Portable End-User Devices | D38: 2 | E38: 0 | F38: 1 | G38: =IF(OR(E38>10,F38>5),"Critical",IF(OR(AND(E38>0,E38<11),AND(F38>0,F38<6)),"High","Medium")) -> High | H38: =IF(D38<=GlobalSettings!$C$2,IF(G38="Critical",5,IF(G38="High",3,(IF(G38="Medium",1,0)))),0) -> 0 | I38: ='Control 04'!F122 -> 0 | J38: =IF(D38<=GlobalSettings!$C$2,'Control 04'!E124,"")
B39: 4.11 | C39: Enforce Remote Wipe Capability on Portable End-User Devices | D39: 2 | E39: 0 | F39: 0 | G39: =IF(OR(E39>10,F39>5),"Critical",IF(OR(AND(E39>0,E39<11),AND(F39>0,F39<6)),"High","Medium")) -> Medium | H39: =IF(D39<=GlobalSettings!$C$2,IF(G39="Critical",5,IF(G39="High",3,(IF(G39="Medium",1,0)))),0) -> 0 | I39: ='Control 04'!F131 -> 0 | J39: =IF(D39<=GlobalSettings!$C$2,'Control 04'!E133,"")
B40: 4.12 | C40: Separate Enterprise Workspaces on Mobile End-User Devices | D40: 3 | E40: 0 | F40: 0 | G40: =IF(OR(E40>10,F40>5),"Critical",IF(OR(AND(E40>0,E40<11),AND(F40>0,F40<6)),"High","Medium")) -> Medium | H40: =IF(D40<=GlobalSettings!$C$2,IF(G40="Critical",5,IF(G40="High",3,(IF(G40="Medium",1,0)))),0) -> 0 | I40: ='Control 04'!F143 -> 0 | J40: =IF(D40<=GlobalSettings!$C$2,'Control 04'!E145,"")
B41: 5.01 | C41: Establish and Maintain an Inventory of Accounts | D41: 1 | E41: 6 | F41: 2 | G41: =IF(OR(E41>10,F41>5),"Critical",IF(OR(AND(E41>0,E41<11),AND(F41>0,F41<6)),"High","Medium")) -> High | H41: =IF(OR(GlobalSettings!$C$2=0,D41<=GlobalSettings!$C$2),IF(G41="Critical",5,IF(G41="High",3,(IF(G41="Medium",1,0)))),0) -> 3 | I41: ='Control 05'!F16 -> 0 | J41: =IF(OR(GlobalSettings!$C$2=0,D41<=GlobalSettings!$C$2),'Control 05'!E18,"") -> Safeguard Scoring Incomplete
B42: 5.02 | C42: Use Unique Passwords | D42: 1 | E42: 1 | F42: 5 | G42: =IF(OR(E42>10,F42>5),"Critical",IF(OR(AND(E42>0,E42<11),AND(F42>0,F42<6)),"High","Medium")) -> High | H42: =IF(OR(GlobalSettings!$C$2=0,D42<=GlobalSettings!$C$2),IF(G42="Critical",5,IF(G42="High",3,(IF(G42="Medium",1,0)))),0) -> 3 | I42: ='Control 05'!F31 -> 0 | J42: =IF(OR(GlobalSettings!$C$2=0,D42<=GlobalSettings!$C$2),'Control 05'!E33,"") -> Safeguard Scoring Incomplete
B43: 5.03 | C43: Disable Dormant Accounts | D43: 1 | E43: 0 | F43: 9 | G43: =IF(OR(E43>10,F43>5),"Critical",IF(OR(AND(E43>0,E43<11),AND(F43>0,F43<6)),"High","Medium")) -> Critical | H43: =IF(OR(GlobalSettings!$C$2=0,D43<=GlobalSettings!$C$2),IF(G43="Critical",5,IF(G43="High",3,(IF(G43="Medium",1,0)))),0) -> 5 | I43: ='Control 05'!F44 -> 0 | J43: =IF(OR(GlobalSettings!$C$2=0,D43<=GlobalSettings!$C$2),'Control 05'!E46,"") -> Safeguard Scoring Incomplete
B44: 5.04 | C44: Restrict Administrator Privileges to Dedicated Administrator Accounts | D44: 1 | E44: 0 | F44: 8 | G44: =IF(OR(E44>10,F44>5),"Critical",IF(OR(AND(E44>0,E44<11),AND(F44>0,F44<6)),"High","Medium")) -> Critical | H44: =IF(OR(GlobalSettings!$C$2=0,D44<=GlobalSettings!$C$2),IF(G44="Critical",5,IF(G44="High",3,(IF(G44="Medium",1,0)))),0) -> 5 | I44: ='Control 05'!F57 -> 0 | J44: =IF(OR(GlobalSettings!$C$2=0,D44<=GlobalSettings!$C$2),'Control 05'!E59,"") -> Safeguard Scoring Incomplete
B45: 5.05 | C45: Establish and Maintain an Inventory of Service Accounts | D45: 2 | E45: 0 | F45: 2 | G45: =IF(OR(E45>10,F45>5),"Critical",IF(OR(AND(E45>0,E45<11),AND(F45>0,F45<6)),"High","Medium")) -> High | H45: =IF(D45<=GlobalSettings!$C$2,IF(G45="Critical",5,IF(G45="High",3,(IF(G45="Medium",1,0)))),0) -> 0 | I45: ='Control 05'!F72 -> 0 | J45: =IF(D45<=GlobalSettings!$C$2,'Control 05'!E74,"")
B46: 5.06 | C46: Centralize Account Management | D46: 2 | E46: 0 | F46: 0 | G46: =IF(OR(E46>10,F46>5),"Critical",IF(OR(AND(E46>0,E46<11),AND(F46>0,F46<6)),"High","Medium")) -> Medium | H46: =IF(D46<=GlobalSettings!$C$2,IF(G46="Critical",5,IF(G46="High",3,(IF(G46="Medium",1,0)))),0) -> 0 | I46: ='Control 05'!F81 -> 0 | J46: =IF(D46<=GlobalSettings!$C$2,'Control 05'!E83,"")
B47: 6.01 | C47: Establish an Access Granting Process | D47: 1 | E47: 0 | F47: 9 | G47: =IF(OR(E47>10,F47>5),"Critical",IF(OR(AND(E47>0,E47<11),AND(F47>0,F47<6)),"High","Medium")) -> Critical | H47: =IF(OR(GlobalSettings!$C$2=0,D47<=GlobalSettings!$C$2),IF(G47="Critical",5,IF(G47="High",3,(IF(G47="Medium",1,0)))),0) -> 5 | I47: ='Control 06'!F10 -> 0 | J47: =IF(OR(GlobalSettings!$C$2=0,D47<=GlobalSettings!$C$2),'Control 06'!E12,"") -> Safeguard Scoring Incomplete
B48: 6.02 | C48: Establish an Access Revoking Process | D48: 1 | E48: 0 | F48: 9 | G48: =IF(OR(E48>10,F48>5),"Critical",IF(OR(AND(E48>0,E48<11),AND(F48>0,F48<6)),"High","Medium")) -> Critical | H48: =IF(OR(GlobalSettings!$C$2=0,D48<=GlobalSettings!$C$2),IF(G48="Critical",5,IF(G48="High",3,(IF(G48="Medium",1,0)))),0) -> 5 | I48: ='Control 06'!F20 -> 0 | J48: =IF(OR(GlobalSettings!$C$2=0,D48<=GlobalSettings!$C$2),'Control 06'!E22,"") -> Safeguard Scoring Incomplete
B49: 6.03 | C49: Require MFA for Externally-Exposed Applications | D49: 1 | E49: 0 | F49: 3 | G49: =IF(OR(E49>10,F49>5),"Critical",IF(OR(AND(E49>0,E49<11),AND(F49>0,F49<6)),"High","Medium")) -> High | H49: =IF(D49<=GlobalSettings!$C$2,IF(G49="Critical",5,IF(G49="High",3,(IF(G49="Medium",1,0)))),0) -> 0 | I49: ='Control 06'!F29 -> 0 | J49: =IF(D49<=GlobalSettings!$C$2,'Control 06'!E31,"")
B50: 6.04 | C50: Require MFA for Remote Network Access | D50: 1 | E50: 0 | F50: 5 | G50: =IF(OR(E50>10,F50>5),"Critical",IF(OR(AND(E50>0,E50<11),AND(F50>0,F50<6)),"High","Medium")) -> High | H50: =IF(OR(GlobalSettings!$C$2=0,D50<=GlobalSettings!$C$2),IF(G50="Critical",5,IF(G50="High",3,(IF(G50="Medium",1,0)))),0) -> 3 | I50: ='Control 06'!F39 -> 0 | J50: =IF(OR(GlobalSettings!$C$2=0,D50<=GlobalSettings!$C$2),'Control 06'!E41,"") -> Safeguard Scoring Incomplete
B51: 6.05 | C51: Require MFA for Administrative Access | D51: 1 | E51: 0 | F51: 5 | G51: =IF(OR(E51>10,F51>5),"Critical",IF(OR(AND(E51>0,E51<11),AND(F51>0,F51<6)),"High","Medium")) -> High | H51: =IF(OR(GlobalSettings!$C$2=0,D51<=GlobalSettings!$C$2),IF(G51="Critical",5,IF(G51="High",3,(IF(G51="Medium",1,0)))),0) -> 3 | I51: ='Control 06'!F49 -> 0 | J51: =IF(OR(GlobalSettings!$C$2=0,D51<=GlobalSettings!$C$2),'Control 06'!E51,"") -> Safeguard Scoring Incomplete
B52: 6.06 | C52: Establish and Maintain an Inventory of Authentication and Authorization Systems | D52: 2 | E52: 2 | F52: 0 | G52: =IF(OR(E52>10,F52>5),"Critical",IF(OR(AND(E52>0,E52<11),AND(F52>0,F52<6)),"High","Medium")) -> High | H52: =IF(D52<=GlobalSettings!$C$2,IF(G52="Critical",5,IF(G52="High",3,(IF(G52="Medium",1,0)))),0) -> 0 | I52: ='Control 06'!F62 -> 0 | J52: =IF(D52<=GlobalSettings!$C$2,'Control 06'!E64,"")
B53: 6.07 | C53: Centralize Access Control | D53: 2 | E53: 0 | F53: 0 | G53: =IF(OR(E53>10,F53>5),"Critical",IF(OR(AND(E53>0,E53<11),AND(F53>0,F53<6)),"High","Medium")) -> Medium | H53: =IF(D53<=GlobalSettings!$C$2,IF(G53="Critical",5,IF(G53="High",3,(IF(G53="Medium",1,0)))),0) -> 0 | I53: ='Control 06'!F71 -> 0 | J53: =IF(D53<=GlobalSettings!$C$2,'Control 06'!E73,"")
B54: 6.08 | C54: Define and Maintain Role-Based Access Control | D54: 3 | E54: 0 | F54: 7 | G54: =IF(OR(E54>10,F54>5),"Critical",IF(OR(AND(E54>0,E54<11),AND(F54>0,F54<6)),"High","Medium")) -> Critical | H54: =IF(D54<=GlobalSettings!$C$2,IF(G54="Critical",5,IF(G54="High",3,(IF(G54="Medium",1,0)))),0) -> 0 | I54: ='Control 06'!F82 -> 0 | J54: =IF(D54<=GlobalSettings!$C$2,'Control 06'!E84,"")
B55: 7.01 | C55: Establish and Maintain a Vulnerability Management Process | D55: 1 | E55: 0 | F55: 0 | G55: =IF(OR(E55>10,F55>5),"Critical",IF(OR(AND(E55>0,E55<11),AND(F55>0,F55<6)),"High","Medium")) -> Medium | H55: =IF(OR(GlobalSettings!$C$2=0,D55<=GlobalSettings!$C$2),IF(G55="Critical",5,IF(G55="High",3,(IF(G55="Medium",1,0)))),0) -> 1 | I55: ='Control 07'!F8 -> 0 | J55: =IF(OR(GlobalSettings!$C$2=0,D55<=GlobalSettings!$C$2),'Control 07'!E10,"") -> Safeguard Scoring Incomplete
B56: 7.02 | C56: Establish and Maintain a Remediation Process | D56: 1 | E56: 0 | F56: 0 | G56: =IF(OR(E56>10,F56>5),"Critical",IF(OR(AND(E56>0,E56<11),AND(F56>0,F56<6)),"High","Medium")) -> Medium | H56: =IF(OR(GlobalSettings!$C$2=0,D56<=GlobalSettings!$C$2),IF(G56="Critical",5,IF(G56="High",3,(IF(G56="Medium",1,0)))),0) -> 1 | I56: ='Control 07'!F19 -> 0 | J56: =IF(OR(GlobalSettings!$C$2=0,D56<=GlobalSettings!$C$2),'Control 07'!E21,"") -> Safeguard Scoring Incomplete
B57: 7.03 | C57: Perform Automated Operating System Patch Management | D57: 1 | E57: 0 | F57: 0 | G57: =IF(OR(E57>10,F57>5),"Critical",IF(OR(AND(E57>0,E57<11),AND(F57>0,F57<6)),"High","Medium")) -> Medium | H57: =IF(OR(GlobalSettings!$C$2=0,D57<=GlobalSettings!$C$2),IF(G57="Critical",5,IF(G57="High",3,(IF(G57="Medium",1,0)))),0) -> 1 | I57: ='Control 07'!F38 -> 0 | J57: =IF(OR(GlobalSettings!$C$2=0,D57<=GlobalSettings!$C$2),'Control 07'!E40,"") -> Safeguard Scoring Incomplete
B58: 7.04 | C58: Perform Automated Application Patch Management | D58: 1 | E58: 0 | F58: 0 | G58: =IF(OR(E58>10,F58>5),"Critical",IF(OR(AND(E58>0,E58<11),AND(F58>0,F58<6)),"High","Medium")) -> Medium | H58: =IF(OR(GlobalSettings!$C$2=0,D58<=GlobalSettings!$C$2),IF(G58="Critical",5,IF(G58="High",3,(IF(G58="Medium",1,0)))),0) -> 1 | I58: ='Control 07'!F57 -> 0 | J58: =IF(OR(GlobalSettings!$C$2=0,D58<=GlobalSettings!$C$2),'Control 07'!E59,"") -> Safeguard Scoring Incomplete
B59: 7.05 | C59: Perform Automated Vulnerability Scans of Internal Enterprise Assets | D59: 2 | E59: 0 | F59: 0 | G59: =IF(OR(E59>10,F59>5),"Critical",IF(OR(AND(E59>0,E59<11),AND(F59>0,F59<6)),"High","Medium")) -> Medium | H59: =IF(OR(GlobalSettings!$C$2=0,D59<=GlobalSettings!$C$2),IF(G59="Critical",5,IF(G59="High",3,(IF(G59="Medium",1,0)))),0) -> 1 | I59: ='Control 07'!F78 -> 0 | J59: =IF(OR(GlobalSettings!$C$2=0,D59<=GlobalSettings!$C$2),'Control 07'!E80,"") -> Safeguard Scoring Incomplete
B60: 7.06 | C60: Perform Automated Vulnerability Scans of Externally-Exposed Enterprise Assets | D60: 2 | E60: 0 | F60: 1 | G60: =IF(OR(E60>10,F60>5),"Critical",IF(OR(AND(E60>0,E60<11),AND(F60>0,F60<6)),"High","Medium")) -> High | H60: =IF(OR(GlobalSettings!$C$2=0,D60<=GlobalSettings!$C$2),IF(G60="Critical",5,IF(G60="High",3,(IF(G60="Medium",1,0)))),0) -> 3 | I60: ='Control 07'!F92 -> 0 | J60: =IF(OR(GlobalSettings!$C$2=0,D60<=GlobalSettings!$C$2),'Control 07'!E94,"") -> Safeguard Scoring Incomplete
B61: 7.07 | C61: Remediate Detected Vulnerabilities | D61: 2 | E61: 0 | F61: 1 | G61: =IF(OR(E61>10,F61>5),"Critical",IF(OR(AND(E61>0,E61<11),AND(F61>0,F61<6)),"High","Medium")) -> High | H61: =IF(D61<=GlobalSettings!$C$2,IF(G61="Critical",5,IF(G61="High",3,(IF(G61="Medium",1,0)))),0) -> 0 | I61: ='Control 07'!F102 -> 0 | J61: =IF(D61<=GlobalSettings!$C$2,'Control 07'!E104,"")
B62: 8.01 | C62: Establish and Maintain an Audit Log Management Process | D62: 1 | E62: 1 | F62: 1 | G62: =IF(OR(E62>10,F62>5),"Critical",IF(OR(AND(E62>0,E62<11),AND(F62>0,F62<6)),"High","Medium")) -> High | H62: =IF(OR(GlobalSettings!$C$2=0,D62<=GlobalSettings!$C$2),IF(G62="Critical",5,IF(G62="High",3,(IF(G62="Medium",1,0)))),0) -> 3 | I62: ='Control 08'!F11 -> 0 | J62: =IF(OR(GlobalSettings!$C$2=0,D62<=GlobalSettings!$C$2),'Control 08'!E13,"") -> Safeguard Scoring Incomplete
B63: 8.02 | C63: Collect Audit Logs | D63: 1 | E63: 0 | F63: 1 | G63: =IF(OR(E63>10,F63>5),"Critical",IF(OR(AND(E63>0,E63<11),AND(F63>0,F63<6)),"High","Medium")) -> High | H63: =IF(OR(GlobalSettings!$C$2=0,D63<=GlobalSettings!$C$2),IF(G63="Critical",5,IF(G63="High",3,(IF(G63="Medium",1,0)))),0) -> 3 | I63: ='Control 08'!F23 -> 0 | J63: =IF(OR(GlobalSettings!$C$2=0,D63<=GlobalSettings!$C$2),'Control 08'!E25,"") -> Safeguard Scoring Incomplete
B64: 8.03 | C64: Ensure Adequate Audit Log Storage | D64: 1 | E64: 0 | F64: 1 | G64: =IF(OR(E64>10,F64>5),"Critical",IF(OR(AND(E64>0,E64<11),AND(F64>0,F64<6)),"High","Medium")) -> High | H64: =IF(OR(GlobalSettings!$C$2=0,D64<=GlobalSettings!$C$2),IF(G64="Critical",5,IF(G64="High",3,(IF(G64="Medium",1,0)))),0) -> 3 | I64: ='Control 08'!F39 -> 0 | J64: =IF(OR(GlobalSettings!$C$2=0,D64<=GlobalSettings!$C$2),'Control 08'!E41,"") -> Safeguard Scoring Incomplete
B65: 8.04 | C65: Standardize Time Synchronization | D65: 2 | E65: 0 | F65: 0 | G65: =IF(OR(E65>10,F65>5),"Critical",IF(OR(AND(E65>0,E65<11),AND(F65>0,F65<6)),"High","Medium")) -> Medium | H65: =IF(OR(GlobalSettings!$C$2=0,D65<=GlobalSettings!$C$2),IF(G65="Critical",5,IF(G65="High",3,(IF(G65="Medium",1,0)))),0) -> 1 | I65: ='Control 08'!F49 -> 0 | J65: =IF(OR(GlobalSettings!$C$2=0,D65<=GlobalSettings!$C$2),'Control 08'!E51,"") -> Safeguard Scoring Incomplete
B66: 8.05 | C66: Collect Detailed Audit Logs | D66: 2 | E66: 0 | F66: 0 | G66: =IF(OR(E66>10,F66>5),"Critical",IF(OR(AND(E66>0,E66<11),AND(F66>0,F66<6)),"High","Medium")) -> Medium | H66: =IF(OR(GlobalSettings!$C$2=0,D66<=GlobalSettings!$C$2),IF(G66="Critical",5,IF(G66="High",3,(IF(G66="Medium",1,0)))),0) -> 1 | I66: ='Control 08'!F84 -> 0 | J66: =IF(OR(GlobalSettings!$C$2=0,D66<=GlobalSettings!$C$2),'Control 08'!E86,"") -> Safeguard Scoring Incomplete
B67: 8.06 | C67: Collect DNS Query Audit Logs | D67: 2 | E67: 0 | F67: 0 | G67: =IF(OR(E67>10,F67>5),"Critical",IF(OR(AND(E67>0,E67<11),AND(F67>0,F67<6)),"High","Medium")) -> Medium | H67: =IF(D67<=GlobalSettings!$C$2,IF(G67="Critical",5,IF(G67="High",3,(IF(G67="Medium",1,0)))),0) -> 0 | I67: ='Control 08'!F93 -> 0 | J67: =IF(D67<=GlobalSettings!$C$2,'Control 08'!E95,"")
B68: 8.07 | C68: Collect URL Request Audit Logs | D68: 2 | E68: 0 | F68: 0 | G68: =IF(OR(E68>10,F68>5),"Critical",IF(OR(AND(E68>0,E68<11),AND(F68>0,F68<6)),"High","Medium")) -> Medium | H68: =IF(D68<=GlobalSettings!$C$2,IF(G68="Critical",5,IF(G68="High",3,(IF(G68="Medium",1,0)))),0) -> 0 | I68: ='Control 08'!F102 -> 0 | J68: =IF(D68<=GlobalSettings!$C$2,'Control 08'!E104,"")
B69: 8.08 | C69: Collect Command-Line Audit Logs | D69: 2 | E69: 0 | F69: 0 | G69: =IF(OR(E69>10,F69>5),"Critical",IF(OR(AND(E69>0,E69<11),AND(F69>0,F69<6)),"High","Medium")) -> Medium | H69: =IF(D69<=GlobalSettings!$C$2,IF(G69="Critical",5,IF(G69="High",3,(IF(G69="Medium",1,0)))),0) -> 0 | I69: ='Control 08'!F111 -> 0 | J69: =IF(D69<=GlobalSettings!$C$2,'Control 08'!E113,"")
B70: 8.09 | C70: Centralize Audit Logs | D70: 2 | E70: 1 | F70: 1 | G70: =IF(OR(E70>10,F70>5),"Critical",IF(OR(AND(E70>0,E70<11),AND(F70>0,F70<6)),"High","Medium")) -> High | H70: =IF(OR(GlobalSettings!$C$2=0,D70<=GlobalSettings!$C$2),IF(G70="Critical",5,IF(G70="High",3,(IF(G70="Medium",1,0)))),0) -> 3 | I70: ='Control 08'!F120 -> 0 | J70: =IF(OR(GlobalSettings!$C$2=0,D70<=GlobalSettings!$C$2),'Control 08'!E122,"") -> Safeguard Scoring Incomplete
B71: 8.1 | C71: Retain Audit Logs | D71: 2 | E71: 0 | F71: 1 | G71: =IF(OR(E71>10,F71>5),"Critical",IF(OR(AND(E71>0,E71<11),AND(F71>0,F71<6)),"High","Medium")) -> High | H71: =IF(OR(GlobalSettings!$C$2=0,D71<=GlobalSettings!$C$2),IF(G71="Critical",5,IF(G71="High",3,(IF(G71="Medium",1,0)))),0) -> 3 | I71: ='Control 08'!F129 -> 0 | J71: =IF(OR(GlobalSettings!$C$2=0,D71<=GlobalSettings!$C$2),'Control 08'!E131,"") -> Safeguard Scoring Incomplete
B72: 8.11 | C72: Conduct Audit Log Reviews | D72: 2 | E72: 0 | F72: 0 | G72: =IF(OR(E72>10,F72>5),"Critical",IF(OR(AND(E72>0,E72<11),AND(F72>0,F72<6)),"High","Medium")) -> Medium | H72: =IF(OR(GlobalSettings!$C$2=0,D72<=GlobalSettings!$C$2),IF(G72="Critical",5,IF(G72="High",3,(IF(G72="Medium",1,0)))),0) -> 1 | I72: ='Control 08'!F137 -> 0 | J72: =IF(OR(GlobalSettings!$C$2=0,D72<=GlobalSettings!$C$2),'Control 08'!E139,"") -> Safeguard Scoring Incomplete
B73: 8.12 | C73: Collect Service Provider Logs | D73: 3 | E73: 0 | F73: 0 | G73: =IF(OR(E73>10,F73>5),"Critical",IF(OR(AND(E73>0,E73<11),AND(F73>0,F73<6)),"High","Medium")) -> Medium | H73: =IF(D73<=GlobalSettings!$C$2,IF(G73="Critical",5,IF(G73="High",3,(IF(G73="Medium",1,0)))),0) -> 0 | I73: ='Control 08'!F146 -> 0 | J73: =IF(D73<=GlobalSettings!$C$2,'Control 08'!E148,"")
B74: 9.01 | C74: Ensure Use of Only Fully Supported Browsers and Email Clients | D74: 1 | E74: 0 | F74: 0 | G74: =IF(OR(E74>10,F74>5),"Critical",IF(OR(AND(E74>0,E74<11),AND(F74>0,F74<6)),"High","Medium")) -> Medium | H74: =IF(OR(GlobalSettings!$C$2=0,D74<=GlobalSettings!$C$2),IF(G74="Critical",5,IF(G74="High",3,(IF(G74="Medium",1,0)))),0) -> 1 | I74: ='Control 09'!F14 -> 0 | J74: =IF(OR(GlobalSettings!$C$2=0,D74<=GlobalSettings!$C$2),'Control 09'!E16,"") -> Safeguard Scoring Incomplete
B75: 9.02 | C75: Use DNS Filtering Services | D75: 1 | E75: 0 | F75: 0 | G75: =IF(OR(E75>10,F75>5),"Critical",IF(OR(AND(E75>0,E75<11),AND(F75>0,F75<6)),"High","Medium")) -> Medium | H75: =IF(OR(GlobalSettings!$C$2=0,D75<=GlobalSettings!$C$2),IF(G75="Critical",5,IF(G75="High",3,(IF(G75="Medium",1,0)))),0) -> 1 | I75: ='Control 09'!F23 -> 0 | J75: =IF(OR(GlobalSettings!$C$2=0,D75<=GlobalSettings!$C$2),'Control 09'!E25,"") -> Safeguard Scoring Incomplete
B76: 9.03 | C76: Maintain and Enforce Network-Based URL Filters | D76: 2 | E76: 0 | F76: 1 | G76: =IF(OR(E76>10,F76>5),"Critical",IF(OR(AND(E76>0,E76<11),AND(F76>0,F76<6)),"High","Medium")) -> High | H76: =IF(D76<=GlobalSettings!$C$2,IF(G76="Critical",5,IF(G76="High",3,(IF(G76="Medium",1,0)))),0) -> 0 | I76: ='Control 09'!F32 -> 0 | J76: =IF(D76<=GlobalSettings!$C$2,'Control 09'!E34,"")
B77: 9.04 | C77: Restrict Unnecessary or Unauthorized Browser and Email Client Extensions | D77: 2 | E77: 0 | F77: 0 | G77: =IF(OR(E77>10,F77>5),"Critical",IF(OR(AND(E77>0,E77<11),AND(F77>0,F77<6)),"High","Medium")) -> Medium | H77: =IF(D77<=GlobalSettings!$C$2,IF(G77="Critical",5,IF(G77="High",3,(IF(G77="Medium",1,0)))),0) -> 0 | I77: ='Control 09'!F44 -> 0 | J77: =IF(D77<=GlobalSettings!$C$2,'Control 09'!E46,"")
B78: 9.05 | C78: Implement DMARC | D78: 2 | E78: 0 | F78: 0 | G78: =IF(OR(E78>10,F78>5),"Critical",IF(OR(AND(E78>0,E78<11),AND(F78>0,F78<6)),"High","Medium")) -> Medium | H78: =IF(D78<=GlobalSettings!$C$2,IF(G78="Critical",5,IF(G78="High",3,(IF(G78="Medium",1,0)))),0) -> 0 | I78: ='Control 09'!F56 -> 0 | J78: =IF(D78<=GlobalSettings!$C$2,'Control 09'!E58,"")
B79: 9.06 | C79: Block Unnecessary File Types | D79: 2 | E79: 0 | F79: 1 | G79: =IF(OR(E79>10,F79>5),"Critical",IF(OR(AND(E79>0,E79<11),AND(F79>0,F79<6)),"High","Medium")) -> High | H79: =IF(D79<=GlobalSettings!$C$2,IF(G79="Critical",5,IF(G79="High",3,(IF(G79="Medium",1,0)))),0) -> 0 | I79: ='Control 09'!F65 -> 0 | J79: =IF(D79<=GlobalSettings!$C$2,'Control 09'!E67,"")
B80: 9.07 | C80: Deploy and Maintain Email Server Anti-Malware Protections | D80: 3 | E80: 0 | F80: 1 | G80: =IF(OR(E80>10,F80>5),"Critical",IF(OR(AND(E80>0,E80<11),AND(F80>0,F80<6)),"High","Medium")) -> High | H80: =IF(D80<=GlobalSettings!$C$2,IF(G80="Critical",5,IF(G80="High",3,(IF(G80="Medium",1,0)))),0) -> 0 | I80: ='Control 09'!F74 -> 0 | J80: =IF(D80<=GlobalSettings!$C$2,'Control 09'!E76,"")
B81: 10.01 | C81: Deploy and Maintain Anti-Malware Software | D81: 1 | E81: 3 | F81: 2 | G81: =IF(OR(E81>10,F81>5),"Critical",IF(OR(AND(E81>0,E81<11),AND(F81>0,F81<6)),"High","Medium")) -> High | H81: =IF(OR(GlobalSettings!$C$2=0,D81<=GlobalSettings!$C$2),IF(G81="Critical",5,IF(G81="High",3,(IF(G81="Medium",1,0)))),0) -> 3 | I81: ='Control 10'!F12 -> 0 | J81: =IF(OR(GlobalSettings!$C$2=0,D81<=GlobalSettings!$C$2),'Control 10'!E14,"") -> Safeguard Scoring Incomplete
B82: 10.02 | C82: Configure Automatic Anti-Malware Signature Updates | D82: 1 | E82: 0 | F82: 2 | G82: =IF(OR(E82>10,F82>5),"Critical",IF(OR(AND(E82>0,E82<11),AND(F82>0,F82<6)),"High","Medium")) -> High | H82: =IF(OR(GlobalSettings!$C$2=0,D82<=GlobalSettings!$C$2),IF(G82="Critical",5,IF(G82="High",3,(IF(G82="Medium",1,0)))),0) -> 3 | I82: ='Control 10'!F21 -> 0 | J82: =IF(OR(GlobalSettings!$C$2=0,D82<=GlobalSettings!$C$2),'Control 10'!E23,"") -> Safeguard Scoring Incomplete
B83: 10.03 | C83: Disable Autorun and Autoplay for Removable Media | D83: 1 | E83: 0 | F83: 0 | G83: =IF(OR(E83>10,F83>5),"Critical",IF(OR(AND(E83>0,E83<11),AND(F83>0,F83<6)),"High","Medium")) -> Medium | H83: =IF(OR(GlobalSettings!$C$2=0,D83<=GlobalSettings!$C$2),IF(G83="Critical",5,IF(G83="High",3,(IF(G83="Medium",1,0)))),0) -> 1 | I83: ='Control 10'!F33 -> 0 | J83: =IF(OR(GlobalSettings!$C$2=0,D83<=GlobalSettings!$C$2),'Control 10'!E35,"") -> Safeguard Scoring Incomplete
B84: 10.04 | C84: Configure Automatic Anti-Malware Scanning of Removable Media | D84: 2 | E84: 0 | F84: 0 | G84: =IF(OR(E84>10,F84>5),"Critical",IF(OR(AND(E84>0,E84<11),AND(F84>0,F84<6)),"High","Medium")) -> Medium | H84: =IF(D84<=GlobalSettings!$C$2,IF(G84="Critical",5,IF(G84="High",3,(IF(G84="Medium",1,0)))),0) -> 0 | I84: ='Control 10'!F42 -> 0 | J84: =IF(D84<=GlobalSettings!$C$2,'Control 10'!E44,"")
B85: 10.05 | C85: Enable Anti-Exploitation Features | D85: 2 | E85: 0 | F85: 0 | G85: =IF(OR(E85>10,F85>5),"Critical",IF(OR(AND(E85>0,E85<11),AND(F85>0,F85<6)),"High","Medium")) -> Medium | H85: =IF(D85<=GlobalSettings!$C$2,IF(G85="Critical",5,IF(G85="High",3,(IF(G85="Medium",1,0)))),0) -> 0 | I85: ='Control 10'!F51 -> 0 | J85: =IF(D85<=GlobalSettings!$C$2,'Control 10'!E53,"")
B86: 10.06 | C86: Centrally Manage Anti-Malware Software | D86: 2 | E86: 0 | F86: 0 | G86: =IF(OR(E86>10,F86>5),"Critical",IF(OR(AND(E86>0,E86<11),AND(F86>0,F86<6)),"High","Medium")) -> Medium | H86: =IF(D86<=GlobalSettings!$C$2,IF(G86="Critical",5,IF(G86="High",3,(IF(G86="Medium",1,0)))),0) -> 0 | I86: ='Control 10'!F60 -> 0 | J86: =IF(D86<=GlobalSettings!$C$2,'Control 10'!E62,"")
B87: 10.07 | C87: Use Behavior-Based Anti-Malware Software | D87: 2 | E87: 0 | F87: 2 | G87: =IF(OR(E87>10,F87>5),"Critical",IF(OR(AND(E87>0,E87<11),AND(F87>0,F87<6)),"High","Medium")) -> High | H87: =IF(D87<=GlobalSettings!$C$2,IF(G87="Critical",5,IF(G87="High",3,(IF(G87="Medium",1,0)))),0) -> 0 | I87: ='Control 10'!F71 -> 0 | J87: =IF(D87<=GlobalSettings!$C$2,'Control 10'!E73,"")
B88: 11.01 | C88: Establish and Maintain a Data Recovery Process | D88: 1 | E88: 0 | F88: 0 | G88: =IF(OR(E88>10,F88>5),"Critical",IF(OR(AND(E88>0,E88<11),AND(F88>0,F88<6)),"High","Medium")) -> Medium | H88: =IF(OR(GlobalSettings!$C$2=0,D88<=GlobalSettings!$C$2),IF(G88="Critical",5,IF(G88="High",3,(IF(G88="Medium",1,0)))),0) -> 1 | I88: ='Control 11'!F12 -> 0 | J88: =IF(OR(GlobalSettings!$C$2=0,D88<=GlobalSettings!$C$2),'Control 11'!E14,"") -> Safeguard Scoring Incomplete
B89: 11.02 | C89: Perform Automated Backups | D89: 1 | E89: 0 | F89: 0 | G89: =IF(OR(E89>10,F89>5),"Critical",IF(OR(AND(E89>0,E89<11),AND(F89>0,F89<6)),"High","Medium")) -> Medium | H89: =IF(OR(GlobalSettings!$C$2=0,D89<=GlobalSettings!$C$2),IF(G89="Critical",5,IF(G89="High",3,(IF(G89="Medium",1,0)))),0) -> 1 | I89: ='Control 11'!F26 -> 0 | J89: =IF(OR(GlobalSettings!$C$2=0,D89<=GlobalSettings!$C$2),'Control 11'!E28,"") -> Safeguard Scoring Incomplete
B90: 11.03 | C90: Protect Recovery Data | D90: 1 | E90: 0 | F90: 3 | G90: =IF(OR(E90>10,F90>5),"Critical",IF(OR(AND(E90>0,E90<11),AND(F90>0,F90<6)),"High","Medium")) -> High | H90: =IF(OR(GlobalSettings!$C$2=0,D90<=GlobalSettings!$C$2),IF(G90="Critical",5,IF(G90="High",3,(IF(G90="Medium",1,0)))),0) -> 3 | I90: ='Control 11'!F35 -> 0 | J90: =IF(OR(GlobalSettings!$C$2=0,D90<=GlobalSettings!$C$2),'Control 11'!E37,"") -> Safeguard Scoring Incomplete
B91: 11.04 | C91: Establish and Maintain an Isolated Instance of Recovery Data | D91: 1 | E91: 0 | F91: 2 | G91: =IF(OR(E91>10,F91>5),"Critical",IF(OR(AND(E91>0,E91<11),AND(F91>0,F91<6)),"High","Medium")) -> High | H91: =IF(OR(GlobalSettings!$C$2=0,D91<=GlobalSettings!$C$2),IF(G91="Critical",5,IF(G91="High",3,(IF(G91="Medium",1,0)))),0) -> 3 | I91: ='Control 11'!F44 -> 0 | J91: =IF(OR(GlobalSettings!$C$2=0,D91<=GlobalSettings!$C$2),'Control 11'!E46,"") -> Safeguard Scoring Incomplete
B92: 11.05 | C92: Test Data Recovery | D92: 2 | E92: 0 | F92: 0 | G92: =IF(OR(E92>10,F92>5),"Critical",IF(OR(AND(E92>0,E92<11),AND(F92>0,F92<6)),"High","Medium")) -> Medium | H92: =IF(D92<=GlobalSettings!$C$2,IF(G92="Critical",5,IF(G92="High",3,(IF(G92="Medium",1,0)))),0) -> 0 | I92: ='Control 11'!F54 -> 0 | J92: =IF(D92<=GlobalSettings!$C$2,'Control 11'!E56,"")
B93: 12.01 | C93: Ensure Network Infrastructure is Up-to-Date | D93: 1 | E93: 0 | F93: 0 | G93: =IF(OR(E93>10,F93>5),"Critical",IF(OR(AND(E93>0,E93<11),AND(F93>0,F93<6)),"High","Medium")) -> Medium | H93: =IF(D93<=GlobalSettings!$C$2,IF(G93="Critical",5,IF(G93="High",3,(IF(G93="Medium",1,0)))),0) -> 0 | I93: ='Control 12'!F10 -> 0 | J93: =IF(D93<=GlobalSettings!$C$2,'Control 12'!E12,"")
B94: 12.02 | C94: Establish and Maintain a Secure Network Architecture | D94: 2 | E94: 1 | F94: 3 | G94: =IF(OR(E94>10,F94>5),"Critical",IF(OR(AND(E94>0,E94<11),AND(F94>0,F94<6)),"High","Medium")) -> High | H94: =IF(D94<=GlobalSettings!$C$2,IF(G94="Critical",5,IF(G94="High",3,(IF(G94="Medium",1,0)))),0) -> 0 | I94: ='Control 12'!F23 -> 0 | J94: =IF(D94<=GlobalSettings!$C$2,'Control 12'!E25,"")
B95: 12.03 | C95: Securely Manage Network Infrastructure | D95: 2 | E95: 0 | F95: 0 | G95: =IF(OR(E95>10,F95>5),"Critical",IF(OR(AND(E95>0,E95<11),AND(F95>0,F95<6)),"High","Medium")) -> Medium | H95: =IF(D95<=GlobalSettings!$C$2,IF(G95="Critical",5,IF(G95="High",3,(IF(G95="Medium",1,0)))),0) -> 0 | I95: ='Control 12'!F38 -> 0 | J95: =IF(D95<=GlobalSettings!$C$2,'Control 12'!E40,"")
B96: 12.04 | C96: Establish and Maintain Architecture Diagram(s) | D96: 2 | E96: 7 | F96: 0 | G96: =IF(OR(E96>10,F96>5),"Critical",IF(OR(AND(E96>0,E96<11),AND(F96>0,F96<6)),"High","Medium")) -> High | H96: =IF(D96<=GlobalSettings!$C$2,IF(G96="Critical",5,IF(G96="High",3,(IF(G96="Medium",1,0)))),0) -> 0 | I96: ='Control 12'!F45 -> 0 | J96: =IF(D96<=GlobalSettings!$C$2,'Control 12'!E47,"")
B97: 12.05 | C97: Centralize Network Authentication, Authorization, and Auditing (AAA) | D97: 2 | E97: 1 | F97: 0 | G97: =IF(OR(E97>10,F97>5),"Critical",IF(OR(AND(E97>0,E97<11),AND(F97>0,F97<6)),"High","Medium")) -> High | H97: =IF(D97<=GlobalSettings!$C$2,IF(G97="Critical",5,IF(G97="High",3,(IF(G97="Medium",1,0)))),0) -> 0 | I97: ='Control 12'!F58 -> 0 | J97: =IF(D97<=GlobalSettings!$C$2,'Control 12'!E60,"")
B98: 12.06 | C98: Use of Secure Network Management and Communication Protocols | D98: 2 | E98: 0 | F98: 0 | G98: =IF(OR(E98>10,F98>5),"Critical",IF(OR(AND(E98>0,E98<11),AND(F98>0,F98<6)),"High","Medium")) -> Medium | H98: =IF(D98<=GlobalSettings!$C$2,IF(G98="Critical",5,IF(G98="High",3,(IF(G98="Medium",1,0)))),0) -> 0 | I98: ='Control 12'!F74 -> 0 | J98: =IF(D98<=GlobalSettings!$C$2,'Control 12'!E76,"")
B99: 12.07 | C99: Ensure Remote Devices Utilize a VPN and are Connecting to an Enterprise’s AAA Infrastructure | D99: 2 | E99: 0 | F99: 1 | G99: =IF(OR(E99>10,F99>5),"Critical",IF(OR(AND(E99>0,E99<11),AND(F99>0,F99<6)),"High","Medium")) -> High | H99: =IF(D99<=GlobalSettings!$C$2,IF(G99="Critical",5,IF(G99="High",3,(IF(G99="Medium",1,0)))),0) -> 0 | I99: ='Control 12'!F94 -> 0 | J99: =IF(D99<=GlobalSettings!$C$2,'Control 12'!E96,"")
B100: 12.08 | C100: Establish and Maintain Dedicated Computing Resources for All Administrative Work | D100: 3 | E100: 0 | F100: 4 | G100: =IF(OR(E100>10,F100>5),"Critical",IF(OR(AND(E100>0,E100<11),AND(F100>0,F100<6)),"High","Medium")) -> High | H100: =IF(D100<=GlobalSettings!$C$2,IF(G100="Critical",5,IF(G100="High",3,(IF(G100="Medium",1,0)))),0) -> 0 | I100: ='Control 12'!F106 -> 0 | J100: =IF(D100<=GlobalSettings!$C$2,'Control 12'!E108,"")
B101: 13.01 | C101: Centralize Security Event Alerting | D101: 2 | E101: 1 | F101: 0 | G101: =IF(OR(E101>10,F101>5),"Critical",IF(OR(AND(E101>0,E101<11),AND(F101>0,F101<6)),"High","Medium")) -> High | H101: =IF(OR(GlobalSettings!$C$2=0,D101<=GlobalSettings!$C$2),IF(G101="Critical",5,IF(G101="High",3,(IF(G101="Medium",1,0)))),0) -> 3 | I101: ='Control 13'!F10 -> 0 | J101: =IF(OR(GlobalSettings!$C$2=0,D101<=GlobalSettings!$C$2),'Control 13'!E12,"") -> Safeguard Scoring Incomplete
...

Sheet Control 01
C2: Control 01: Inventory and Control of Enterprise Assets | F2: Assessed | G2: https://cas.docs.cisecurity.org/en/latest/source/Controls1/
A4: 0 | B4: 1 | C4: 1.01 | D4: Establish and Maintain a Detailed Enterprise Asset Inventory | F4: Measure | G4: Notes
A5: 0 | B5: 1 | D5: M1 | E5: Enterprise Asset Inventory (GV01) | F5: =IF(Artifacts!$E$3="Artifact Provided",1,0) -> 0 | G5: "1" if provided, "0" if not provided
A6: 0 | B6: 1 | D6: M1.a | E6: Count of Assets in GV01
A7: 0 | B7: 1 | D7: M2 | E7: Count of Assets Detected since last update to GV01 | G7: Count of items in Aggregate Enterprise Asset Inventory - The enterprise's list of all devices detected, manually or through automated scans, since the last update to GV1
A8: 0 | B8: 1 | D8: M3 | E8: Count of Assets in GV01 Detected
A9: 0 | B9: 1 | D9: M4 | E9: Count of Assets in GV01 Not Detected | F9: =F6-F8 -> 0 | G9: Difference between M1.a and M3
A10: 0 | B10: 1 | D10: M5 | E10: Count of Assets Detected not in GV01 (GV02) | F10: =F7-F8 -> 0 | G10: Difference between M2 and M3
A11: 0 | B11: 1 | D11: M6 | E11: Count of Required Elements in GV01 | G11: The following data elements are required for each entry in the Asset Inventory: hardware address, machine name, asset owner, department, and whether the asset is approved to connect to the network.
A12: 0 | B12: 1 | D12: M7 | E12: Count of Missing Elements in GV01 | F12: =(F6*5)-F11 -> 0 | G12: Difference between expected elements (M1.a*5) and M6
A13: 0 | B13: 1 | D13: M8 | E13: Months since last update to GV01 | F13: =DATEDIF(Artifacts!$F$3,GlobalSettings!$C$4,"m") -> 1508 | G13: Count of months since date provided for GV01 and Assessment Date
A14: 0 | B14: 1 | E14: Safeguard 01.01 Accuracy Score | F14: =IFERROR(F8/F7,0) -> 0 | G14: M3 / M2
A15: 0 | B15: 1 | E15: Safeguard 01.01 Completeness Score | F15: =IFERROR(F11/(F6*5),0) -> 0 | G15: M7 / (M1.a*5)
A16: 0 | B16: 1 | E16: Safeguard 01.01 Average Score | F16: =IF(F5=0,0,IF(F13<=6,AVERAGE(F14,F15),IF(GlobalSettings!$C$12="No",0,AVERAGE(F14,F15)*0.5))) -> 0 | G16: If GV01 is not provided, Safeguard receives a "0" score | If not updated in the last 6 months, Safeguard receives a "0" or reduced score
A18: 0 | B18: 1 | E18: Safeguard Scoring Incomplete | F18: NOTES:
A20: 0 | B20: 1 | C20: 1.02 | D20: Address Unauthorized Assets | F20: Measure | G20: Notes
A21: 0 | B21: 1 | D21: M1 | E21: Enterprise Asset Inventory (GV01) | F21: =IF(Artifacts!$E$3="Artifact Provided",1,0) -> 0 | G21: "1" if provided, "0" if not provided
A22: 0 | B22: 1 | D22: M2 | E22: Count of Assets in GV02 | F22: =F10 -> 0 | G22: Safeguard 1.01, M5
A23: 0 | B23: 1 | D23: M3 | E23: Enterprise Defined Timeframe (in days) for Addressing Unauthorized Assets
A24: 0 | B24: 1 | D24: M4 | E24: Count of Assets in GV02 with a "First Seen" date greater than M3 days prior to the Assessment
A25: 0 | B25: 1 | E25: The ratio of unaccounted for, unauthorized assets, to the total assets in the asset inventory. | F25: =IFERROR(F24/F22,0) -> 0 | G25: M4 / M2
A26: 0 | B26: 1 | E26: Safeguard 01.02 Final Score | F26: =IF(OR(F21=0,F23<>1),0,IF(F23>7,0,(1-F25))) -> 0 | G26: If GV01 is not provided or M3 is greater than 1 day, Safeguard receives a "0" score
A28: 0 | B28: 1 | E28: Safeguard Scoring Incomplete | F28: NOTES:
A30: 9 | B30: 2 | C30: 1.03 | D30: Utilize an Active Discovery Tool | F30: Measure | G30: Notes
A31: 9 | B31: 2 | D31: M1 | E31: Count of leasable IP addresses within Enterprise Subnet | G31: Enumerate all IP subnets configured as leasable (IPAM)
A32: 9 | B32: 2 | D32: M2 | E32: Count of leasable IP addresses scanned by Enterprise Asset Discovery Tools | G32: Enumerate all IP subnets scanned
A33: 9 | B33: 2 | D33: M3 | E33: Count of Properly Configured Asset Discovery Tools | G33: Enumerate those tools that are compliant
A34: 9 | B34: 2 | D34: M4 | E34: Count of Improperly Configured Asset Discovery Tools | F34: =F35-F33 -> 0 | G34: Tools that are not compliant: Difference between M5 and M3
A35: 9 | B35: 2 | D35: M5 | E35: Count of Asset Discovery Tools used by the Enterprise
A36: 9 | B36: 2 | D36: M6 | E36: Count of Assets in GV01 | F36: =F6 -> 0 | G36: 1.01 M1.a
A37: 9 | B37: 2 | D37: M7 | E37: Timeframe (in hours) between Active Discovery Scans
A38: 9 | B38: 2 | E38: IP Address Discovery Coverage | F38: =IFERROR(F32/F31,0) -> 0 | G38: M2 / M1
A39: 9 | B39: 2 | E39: Tool Compliance Ratio | F39: =IFERROR(F33/F35,0) -> 0 | G39: M3 / M5
A40: 9 | B40: 2 | E40: Safeguard 01.03 Average Score | F40: =IF(OR(F35=0,F37>24),0,AVERAGE(F38,F39)) -> 0 | G40: If M5 = 0, Safeguard receives a "0" score | If M7 > 24 hours, Safeguard receives a "0" score
A42: 9 | B42: 2 | E42: Safeguard Scoring Incomplete | F42: NOTES:
A44: 9 | B44: 2 | C44: 1.04 | D44: Use Dynamic Host Configuration Protocol (DHCP) Logging to Update Enterprise Asset Inventory | F44: Measure | G44: Notes
A45: 9 | B45: 2 | D45: M1 | E45: Count of DHCP Servers
A46: 9 | B46: 2 | D46: M2 | E46: Count of DHCP Servers with Logging Enabled | G46: For each DHCP server, enumerate those where DHCP logging is enabled
A47: 9 | B47: 2 | D47: M3 | E47: Count of CMDB Servers (GV41)
A48: 9 | B48: 2 | D48: M4 | E48: Count of CMDB servers configured to use DHCP logs to update IP addresses | G48: For each CMDB server, enumerate those where DHCP logs are used to update IP addresses
A49: 9 | B49: 2 | D49: M5 | E49: Count of devices in the DHCP server logs that are not included in the CMDB servers
A50: 9 | B50: 2 | D50: M6 | E50: Count of devices in the DHCP server logs that are included in the CMDB servers
A51: 9 | B51: 2 | D51: M7 | E51: Count of devices in the DHCP server logs
A52: 9 | B52: 2 | E52: DHCP Logging Quality | F52: =IFERROR(F46/F45,0) -> 0 | G52: M2 / M1
A53: 9 | B53: 2 | E53: CMBD Configuration Quality | F53: =IFERROR(F48/F47,0) -> 0 | G53: M4 / M3
A54: 9 | B54: 2 | E54: CMBD Updating Accuracy | F54: =IFERROR(F50/F51,0) -> 0 | G54: M6 / M7
A55: 9 | B55: 2 | E55: Safeguard 01.04 Average Score | F55: =IF(F48>0,AVERAGE(F52:F54),0) -> 0 | G55: If M4 = 0, Safeguard receives a "0" score.
A57: 9 | B57: 2 | E57: Safeguard Scoring Incomplete | F57: NOTES:
A59: 9 | B59: 3 | C59: 1.05 | D59: Use a Passive Asset Discovery Tool | F59: Measure | G59: Notes
A60: 9 | B60: 3 | D60: M1 | E60: Count of properly configured passive asset discovery tools | G60: Enumerate those tools that are properly configured
A61: 9 | B61: 3 | D61: M2 | E61: Count of improperly configured passive asset discovery tools | G61: Enumerate those tools that are improperly configured (M2) noting the deviations from proper configuration
A62: 9 | B62: 3 | D62: M3 | E62: Count of organization's networks that are covered by properly configured passive discovery tools | G62: Create a list of the enterprise's networks that have coverage from at least one properly configured passive asset discovery tool
A63: 9 | B63: 3 | D63: M4 | E63: Count of organization's networks that are not covered by properly configured passive discovery tools | F63: =F64-F62 -> 0 | G63: List of the enterprise's networks that do not have coverage from any properly configured passive asset discovery tools: M5 - M3
A64: 9 | B64: 3 | D64: M5 | E64: Count of enterprise's networks.
A65: 9 | B65: 2 | E65: The ratio of the organization's networks with coverage from at least one properly configured passive asset discovery tool to the total number of networks | F65: =IFERROR(F62/F64,0) -> 0 | G65: M3 / M5
A66: 9 | B66: 3 | E66: Safeguard 01.05 Score | F66: =IF(F60=0,0,F65) -> 0 | G66: If M1 = 0, Safeguard receives a "0" score.
A68: 9 | B68: 3 | E68: Safeguard Scoring Incomplete | F68: NOTES:

Sheet Control 02
C2: Control 02: Inventory and Control of Software Assets | F2: Assessed | G2: https://cas.docs.cisecurity.org/en/latest/source/Controls2/
A4: 0 | B4: 1 | C4: 2.01 | D4: Establish and Maintain a Software Inventory | F4: Measure | G4: Notes
A5: 0 | B5: 1 | D5: M1 | E5: Authorized Software Inventory (GV05) | F5: =IF(Artifacts!$E$13="Artifact Provided",1,0) -> 0 | G5: "1" if provided, "0" if not provided
A6: 0 | B6: 1 | D6: M1.a | E6: Count of Software in GV05 | F6: 0
A7: 0 | B7: 1 | D7: M2 | E7: Sum of Required Elements in GV05 | F7: =SUM(F8:F11) -> 0 | G7: Check GV5 for completeness of detailed information
A8: 0 | B8: 1 | D8: M2.a | E8: Check for required data element: software title | G8: "1" if yes, "0" if no
A9: 0 | B9: 1 | D9: M2.b | E9: Check for required data element: publisher | G9: "1" if yes, "0" if no
A10: 0 | B10: 1 | D10: M2.c | E10: Check for required data element: software [first] install date | G10: "1" if yes, "0" if no
A11: 0 | B11: 1 | D11: M2.d | E11: Check for required data element: business purpose | G11: "1" if yes, "0" if no
A12: 0 | B12: 1 | D12: M2.e | E12: Check for required data element: supported/unsupported designation. | G12: "1" if yes, "0" if no
D13: M2.f | E13: Count of all elements present across GV05 | F13: 0 | G13: The following data elements are required for each entry in the Software Inventory: software title, publisher, software [first] install date, business purpose, supported/unsupported designation.
A14: 0 | B14: 1 | D14: M3 | E14: Count of Items in GV05 With Incomplete or Missing Information | F14: 0 | G14: Items that have missing or incomplete information
A15: 0 | B15: 1 | D15: M4 | E15: Months Since Last Update to GV05 | F15: =DATEDIF(Artifacts!$F$13,GlobalSettings!$C$4,"m") -> 1508 | G15: Count of months since date provided for GV05
A16: 0 | B16: 1 | E16: What percentage of the current enterprise asset inventory contains necessary detailed information? | F16: =IFERROR(F13/(F6*4),0) -> 0 | G16: M2 / (M1.a*4)
A17: 0 | B17: 1 | E17: Safeguard 02.01 Accuracy Score | F17: =IF(F5=0,0,IF(F15<=6,F16,IF(GlobalSettings!$C$12="No",0,F16*0.5))) -> 0 | G17: If M1 = "0" Safeguard receives a "0" score | If M4 > 6, Safeguard receives a "0" or reduced score
A19: 0 | B19: 1 | C19: 1 | E19: Safeguard Scoring Incomplete | F19: NOTES:
A21: 0 | B21: 1 | C21: 2.02 | D21: Ensure Authorized Software is Currently Supported | F21: Measure | G21: Notes
A22: 0 | B22: 1 | D22: M1 | E22: Authorized Software Inventory (GV05) | F22: =F5 -> 0 | G22: "1" if provided, "0" if not provided
A23: 0 | B23: 1 | D23: M1.a | E23: Count of Software in GV05 | F23: =F6 -> 0
A24: 0 | B24: 1 | D24: M2 | E24: Count of Items in GV05 That Are Mislabeled as "Unsupported" | G24: Enumerate each item labeled "unsupported" but "supported"
A25: 0 | B25: 1 | D25: M3 | E25: Count of Items in GV05 That Are Mislabeled as "Supported" | G25: Enumerate each item labeled "supported" but "unsupported"
A26: 0 | B26: 1 | D26: M4 | E26: Count of Unsupported Items | G26: Identify and note truly "unsupported" items from M2 and M3
A27: 0 | B27: 1 | D27: M5 | E27: Count of Items in GV05 That Are No Longer Supported, But Exception Documentation Exists | G27: Note items that do have appropriate exception documentation
A28: 0 | B28: 1 | D28: M6 | E28: Count of Items in GV05 That Are No Longer Supported, But Exception Documentation Does NOT Exist | F28: =F26-F27 -> 0 | G28: Items that do not have appropriate exception documentation: M4-M5
A29: 0 | B29: 1 | D29: M7 | E29: Weeks Since Last Update to GV05 | F29: =DATEDIF(Artifacts!$F$13,GlobalSettings!$C$4,"d")/7 -> 6557.1429 | G29: Count of weeks between date provided for GV05 and Assessment Date
A30: 0 | B30: 1 | E30: Percentage of Unsupported Software In Use | F30: =IFERROR(F26/F23,0) -> 0 | G30: M4 / M1
A31: 0 | B31: 1 | E31: Percentage of Software Listed as "Supported" That is Actually Unsupported | F31: =IFERROR(F25/F23,0) -> 0 | G31: M3 / M1
A32: 0 | B32: 1 | E32: Percentage of Software Listed as "Unsupported" That is Actually Supported | F32: =IFERROR(F24/F23,0) -> 0 | G32: M2 / M1
A33: 0 | B33: 1 | E33: Percentage of Unsupported Software That Has Appropriate Exception Documentation | F33: =IFERROR(F27/F26,0) -> 0 | G33: M5 / M4
A34: 0 | B34: 1 | E34: Safeguard 02.02 Final Score | F34: =IF(F5=0,0,IF(F29<=4,(IFERROR(IF(F33=0,(1-F30),1-(F26-F27)/F23),0)),IF(GlobalSettings!$C$12="No",0,(IFERROR(IF(F33=0,(1-F30),1-(F26-F27)/F23),0))*0.5))) -> 0 | G34: The percentage of authorized software that is: currently supported OR is unsupported but has a documented exception | If M7 > 4, Safeguard receives a "0" or reduced score
A36: 0 | B36: 1 | E36: Safeguard Scoring Incomplete | F36: NOTES:
A38: 0 | B38: 1 | C38: 2.03 | D38: Address Unauthorized Software | F38: Measure | G38: Notes
A39: 0 | B39: 1 | D39: M1 | E39: Count of Software Intalled on a Sample of Assets | G39: Scan the assets identified as software capable enterprise assets (GV7) from GV1 and note software present on each asset
A40: 0 | B40: 1 | D40: M2 | E40: Count of Unauthorized Software Installed on Sampled Assets | G40: Enumerate unauthorized software identified on assets
A41: 0 | B41: 1 | D41: M3 | E41: Count of Unauthorized Software With a "First Discovered" Date that Exceeds The Allowable Timeframe for resolution of discovered unauthorized software
A42: 0 | B42: 1 | D42: M4 | E42: Defined Timeframe, in days, For Resolution of Discovered Unauthorized Software | F42: 1 | G42: Statewide Standards CM-8(3): "remove or quarantine unauthorized components … when detected"
A43: 0 | B43: 1 | E43: Percentage of Unauthorized Software from Sampled Assets | F43: =IFERROR(F40/F39,0) -> 0 | G43: M2 / M1
A44: 0 | B44: 1 | E44: Percentage of Unauthorized Software from Sampled Assets With a "First Discovered" Date that Exceeds The Allowable Timeframe For Resolution | F44: =IFERROR(F41/F39,0) -> 0 | G44: M3 / M1
A45: 0 | B45: 1 | E45: Safeguard 02.03 Final Score | F45: =IF(F39=0,0,IF(F42>1,0,(1-F44))) -> 0 | G45: If M4 > 1, Safeguard receives a "0" score
A47: 0 | B47: 1 | E47: Safeguard Scoring Incomplete | F47: NOTES:
A49: 0 | B49: 2 | C49: 2.04 | D49: Utilize Automated Software Inventory Tools | F49: Measure | G49: Notes
A50: 0 | B50: 2 | D50: M1 | E50: Count of Software Capable Assets | G50: Use GV1 and GV7 to identify and enumerate assets able to support sofware
A51: 0 | B51: 2 | D51: M2 | E51: Count of Assets Unable to Support Software | F51: ='Control 01'!F6-'Control 02'!F50 -> 0 | G51: 1.01 M1.a - M1
A52: 0 | B52: 2 | D52: M3 | E52: Count of Assets Covered by Software Inventory Tools | G52: Identify and enumerate if the asset is covered by at least one software inventory tool
A53: 0 | B53: 2 | D53: M4 | E53: Count of Assets NOT Covered by Software Inventory Tools | F53: =F50-F52 -> 0 | G53: Asset is not covered by at least one software inventory tool: M1 - M3
A54: 0 | B54: 2 | E54: The percentage of endpoints covered by software inventory tools to the total number of applicable endpoints | F54: =IFERROR(F52/F50,0) -> 0 | G54: M3 / M1
A55: 0 | B55: 2 | E55: Safeguard 02.04 Final Score | F55: =F54 -> 0
A57: 0 | B57: 2 | E57: Safeguard Scoring Incomplete | F57: NOTES:
A59: 9 | B59: 2 | C59: 2.05 | D59: Allowlist Authorized Software | F59: Measure | G59: Notes
A60: 9 | B60: 2 | D60: M1 | E60: Count of Assets Capable of Supporting Software Allowlisting | G60: Using GV7 identify and enumerate assets capable of supporting allowlisting software (some assets may not enable third-party software installation or otherwise have constrained environments precluding the use of allowlisting software)
A61: 9 | B61: 2 | D61: M2 | E61: Count of Assets Capable of Supporting Software Allowlisting That Have Allowlisting Software Installed | G61: Identify and enumerate allowlisting capable assets with allowlisting software installed
A62: 9 | B62: 2 | D62: M3 | E62: Count of Assets Capable of Supporting Software Allowlisting That DO NOT Have Allowlisting Software Installed | F62: =F60-F61 -> 0 | G62: Allowlisting capable assets without allowlisting software installed: M1 - M2
A63: 9 | B63: 2 | D63: M4 | E63: Count of Assets With Properly Configured Allowlisting Software | G63: Identify and enumerate properly configured software
A64: 9 | B64: 2 | D64: M5 | E64: Count of Assets With Allowlisting Software That IS NOT Properly Configured | F64: =F61-F63 -> 0 | G64: Improperly configured software: M2 - M4
A65: 9 | B65: 2 | D65: M6 | E65: Timeframe, In Months, Since Last Assessment of Allowlisting Software | G65: Compare Date of last assessment of this Safeguard to the current date and note the timeframe in month
A66: 9 | B66: 2 | E66: The percentage of enterprise assets capable of supporting allowlisting with allowlisting installed | F66: =IFERROR(F61/F60,0) -> 0 | G66: M2 / M1
A67: 9 | B67: 2 | E67: The percentage of enterprise assets with properly configured allowlisting installed | F67: =IFERROR(F63/F61,0) -> 0 | G67: M4 / M2
A68: 9 | B68: 2 | E68: Safeguard 02.05 Final Score | F68: =IF(F65>6,0,F66*F67) -> 0 | G68: Percentage of Installation Coverage * Percentage of Configuration Coverage | If M6 > 6, Safeguard receives a "0" score
A70: 9 | B70: 2 | E70: Safeguard Scoring Incomplete | F70: NOTES:
A72: 9 | B72: 2 | C72: 2.06 | D72: Allowlist Authorized Libraries | F72: Measure | G72: Notes
A73: 9 | B73: 2 | E73: Approved Configuration(s) for Allowlisting Software (GV09) | F73: =IF(Artifacts!$E$14="Artifact Provided",1,0) -> 0 | G73: If approved configuration(s) for allowlisting software (GV09) is not provided, this Safeguard cannot be measured and receives a faling score.
A74: 9 | B74: 2 | D74: M1 | E74: Count of Authorized Allowlisting Software
A75: 9 | B75: 2 | D75: M2 | E75: Count of Properly Configured Allowlisting Software | G75: Identify and enumerate allowlisting software properly configured to allow process loading of authorized libraries
A76: 9 | B76: 2 | D76: M3 | E76: Count of Allowlisting Software That IS NOT Properly Configured | F76: =F74-F75 -> 0 | G76: Allowlisting software improperly configured to allow process loading of authorized libraries: M1 - M2
A77: 9 | B77: 2 | D77: M4 | E77: Timeframe, In Months Since Last Review of Allowlisted Authorized Libraries | G77: Compare the date from Date of the last assessment of this Safeguard to the current date and note the timeframe in months
A78: 9 | B78: 2 | E78: The percentage of appropriately configured allowlisting software instances within the enterprise. | F78: =IFERROR(F75/F74,0) -> 0 | G78: M2 / M1
A79: 9 | B79: 2 | E79: Safeguard 02.06 Final Score | F79: =IF(F77>6,0,F78) -> 0 | G79: If M4 > 6, Safeguard receives a "0" score
A81: 9 | B81: 2 | E81: Safeguard Scoring Incomplete | F81: NOTES:
A83: 9 | B83: 3 | C83: 2.07 | D83: Allowlist Authorized Scripts | F83: Measure | G83: Notes
A84: 9 | B84: 3 | E84: Approved Configuration(s) for Allowlisting Software (GV09) | F84: =IF(Artifacts!$E$14="Artifact Provided",1,0) -> 0 | G84: If approved configuration(s) for allowlisting software (GV09) is not provided, this Safeguard cannot be measured and receives a faling score.
A85: 9 | B85: 3 | D85: M1 | E85: Count of authorized software capable of executing scripts | G85: Use GV8 to identify and enumerate all enterprise authorized software capable of executing scripts, including allowlisting software, email client applications, and web client applications
A86: 9 | B86: 3 | D86: M2 | E86: Identify and enumerate software properly configured to allow execution of authorized and signed scripts | G86: Identify and enumerate software properly configured to allow execution of authorized and signed scripts from Input 2
A87: 9 | B87: 3 | D87: M3 | E87: Count of Software That IS NOT Properly Configured | F87: =F85-F86 -> 0 | G87: Software improperly configured to allow execution of authorized and signed scripts from Input 2: M1 - M2
A88: 9 | B88: 3 | D88: M4 | E88: Timeframe, In Months Since Last Review of Allowlisted Authorized Libraries | G88: Compare the date from Date of last assessment of this Safeguard to the current date and note the timeframe in months
A89: 9 | B89: 3 | E89: The percentage of appropriately configured software instances within the enterprise. | F89: =IFERROR(F86/F85,0) -> 0 | G89: M2 / M1
A90: 9 | B90: 3 | E90: Safeguard 02.07 Final Score | F90: =IF(F88>6,0,F89) -> 0 | G90: If M4 > 6, Safeguard receives a "0" score
A92: 9 | B92: 3 | E92: Safeguard Scoring Incomplete | F92: NOTES:

Sheet Control 03
C2: Control 3: Data Protection | F2: Assessed | G2: https://cas.docs.cisecurity.org/en/latest/source/Controls3/
A4: 0 | B4: 1 | C4: 3.01 | D4: Establish and Maintain a Data Management Process | F4: Measure | G4: Notes
A5: 0 | B5: 1 | D5: M1 | E5: Does the Process Address Data Sensitivity (GV11) | G5: "1" if yes, "0" if no
A6: 0 | B6: 1 | D6: M2 | E6: Does the Process Capture Data Owners (GV13) | F6: 1 | G6: "1" if yes, "0" if no
A7: 0 | B7: 1 | D7: M3 | E7: Does the Process Include Guidance for Handling of Data (GV14) | G7: "1" if yes, "0" if no
A8: 0 | B8: 1 | D8: M4 | E8: Does the Process Include Data Retention Limits Based on Sensitivity of Data (GV15) | G8: "1" if yes, "0" if no
A9: 0 | B9: 1 | D9: M5 | E9: Does the Process Include Guidance on Disposal Requirements Based on Data Sensitivity (GV16) | G9: "1" if yes, "0" if no
A10: 0 | B10: 1 | D10: M6 | E10: Enterprise Data Management Process (GV10) | F10: =IF(Artifacts!E15="Artifact Provided",1,0) -> 0 | G10: "1" if provided, "0" if not provided
A11: 0 | B11: 1 | E11: The percentage of completeness for the enterprise's data management process. | F11: =IFERROR(SUM(F5:F9)/5,0) -> 0.2 | G11: (M1 + M2 + M3 + M4 + M5) / 5
A12: 0 | B12: 1 | E12: Safeguard 3.01 Final Score | F12: =IF(F10=0,0,F11) -> 0 | G12: If GV10 is not provided this Safeguard is measured at "0"
A14: 0 | B14: 1 | E14: Safeguard Scoring Incomplete | F14: NOTES:
A16: 0 | B16: 1 | C16: 3.02 | D16: Establish and Maintain a Data Inventory | F16: Measure | G16: Notes
A17: 0 | B17: 1 | D17: M1 | E17: Portion of Data Management Process Addressing Data Sensitivity (GV11) | F17: =F5 -> 0 | G17: 3.01 M1
A18: 0 | B18: 1 | D18: M2 | E18: Enumerate items in the Sensitive Data Inventory (GV12) that have Mapping to Sensitive Data Types | G18: Identify and enumerate items in the data set that have a mapping
A19: 0 | B19: 1 | D19: M3 | E19: Enumerate items in the Sensitive Data Inventory (GV12) that DO NOT have Mapping to Sensitive Data Types | F19: =F25-F18 -> 0 | G19: Items in the data set that do not have a mapping: M9 - M2
A20: 0 | B20: 1 | D20: M4 | E20: Enumerate items from M2 that have complete and correct mapping to both sensitivity designations, and to assets from GV01 | G20: Identify and enumerate items that have complete and correct mapping to asset and sensitivity
A21: 0 | B21: 1 | D21: M5 | E21: Enumerate items from M2 that have partial mapping to sensitivity designations only (e.g. no mapping to assets in GV01.) | F21: =F18-F20 -> 0 | G21: Items that have partial mapping to sensitivity: M2 - M4
A22: 0 | B22: 1 | D22: M6 | E22: Enumerate items from M3 that have partial mapping to assets only. | G22: Identify and enumerate items that have partial mapping to assets
A23: 0 | B23: 1 | D23: M7 | E23: Enumerate items that have not mapping at all (i.e. data that is not mapped to an asset in GV01 or to a data sensitivity designation.) | F23: =F25-(F18+F22) -> 0 | G23: Items that have no mapping at all: M9 - (M2 + M6)
A24: 0 | B24: 1 | D24: M8 | E24: Timeframe, in months, since the last update to the sensitive data inventory | F24: =DATEDIF(Artifacts!F16,GlobalSettings!C4,"m") -> 1508 | G24: Compare current date to Input 4 and capture timeframe in months
A25: 0 | B25: 1 | D25: M9 | E25: Count of all items in the organization's sensitive data inventory (GV12)
A26: 0 | B26: 1 | E26: Completeness of Sensitive Data Inventory | F26: =IFERROR(F20/F25,0) -> 0 | G26: M4 / M9
A27: 0 | B27: 1 | E27: Partial Completeness of Sensitive Data Inventory | F27: =IFERROR((F21+F22)/F25,0) -> 0 | G27: (M5 + M6) / M9
A28: 0 | B28: 1 | E28: Safeguard 3.02 Composite Score | F28: =IF(F17=0,0,IF(F24<=12,((F27*0.5)+F26),IF(GlobalSettings!$C$12="No",0,((F27*0.5)+F26)))) -> 0 | G28: (Partial Completeness Score * 0.5) + Completeness Score | If GV11 is not provided this Safeguard receives a failing score | If M8 is greater than 12, Safeguard receives a "0" or reduced score
A30: 0 | B30: 1 | E30: Safeguard Scoring Incomplete | F30: NOTES:
A32: 9 | B32: 1 | C32: 3.03 | D32: Configure Data Access Control Lists | F32: Measure | G32: Notes
A33: 9 | B33: 1 | D33: M1 | E33: Count of sensitive data types correctly mapped to user accounts per the data management process | G33: Identify and enumerate sensitive data correctly mapped to user accounts from GV22
A34: 9 | B34: 1 | D34: M2 | E34: Count of sensitive data not correctly mapped to user accounts per the data management process | F34: =F38-F33 -> 0 | G34: Sensitive data not correctly mapped to user accounts from GV22: M6 - M1
A35: 9 | B35: 1 | D35: M3 | E35: Count of assets storing sensitive data | G35: Identify and enumerate all assets storing sensitive data
A36: 9 | B36: 1 | D36: M4 | E36: Count of properly configured assets to support data access control | G36: Use GV3 to check and enumerate assets that are properly configured to only allow users as identified in M1
A37: 9 | B37: 1 | D37: M5 | E37: Count of improperly configured assets to support data access control | F37: =F35-F36 -> 0 | G37: Assets that are improperly configured to only allow users as identified in M2: M3 - M4
A38: 9 | B38: 1 | D38: M6 | E38: Count of Sensitive Data Types (GV17)
A39: 9 | B39: 1 | D39: M7 | E39: Portion of Data Management Process Capturing Data Owners (GV13) | F39: =F6 -> 1 | G39: 3.01 M2
A40: 9 | B40: 1 | D40: M8 | E40: Portion of Data Management Process Addressing Data Handling (GV14) | F40: =F7 -> 0 | G40: 3.01 M3
A41: 9 | B41: 1 | E41: Completeness of User Access Control | F41: =IFERROR(F33/F38,0) -> 0 | G41: M1 / M6
A42: 9 | B42: 1 | E42: Properly Configured Assets | F42: =IFERROR(F36/F35,0) -> 0 | G42: M4 / M3
A43: 9 | B43: 1 | E43: Safeguard 3.03 Average Score | F43: =IF(OR(F39=0,F40=0),0,AVERAGE(F41,F42)) -> 0 | G43: If GV13 or GV14 is not provided this Safeguard receives a "0" score.
A45: 9 | B45: 1 | E45: Safeguard Scoring Incomplete | F45: NOTES:
A47: 0 | B47: 1 | C47: 3.04 | D47: Enforce Data Retention | F47: Measure | G47: Notes
A48: 0 | B48: 1 | E48: Portion of Data Management Process defining Data Retention Limits (GV15) | F48: =F8 -> 0 | G48: 3.01 M4
A49: 0 | B49: 1 | D49: M1 | E49: Count of sensitivity types that require retention timelines | G49: Enumerate the number of types of sensitivity (GV17: M1), at a minimum one to differentiate sensitive data from other data
A50: 0 | B50: 1 | D50: M2 | E50: Count of sensitivity types that include minimum retention times | G50: Identify and enumerate if each type has a minimum retention time (M2) as defined by GV15
A51: 0 | B51: 1 | D51: M3 | E51: Count of sensitivity types that include maximum retention times | G51: Identify and enumerate if each type has a maximum retention time (M3) as defined by GV15
A52: 0 | B52: 1 | D52: M4 | E52: Count of data in inventory that comply with retention policy | G52: Identify and enumerate items in the inventory that comply with retention timelines
A53: 0 | B53: 1 | D53: M5 | E53: Count of data in inventory that do not comply with retention policy | F53: =F54-F52 -> 0 | G53: Items in the inventory that do not comply with retention timelines: M6 - M4
A54: 0 | B54: 1 | D54: M6 | E54: Count of all items in the organization's sensitive data inventory (GV12) | F54: =F25 -> 0 | G54: 3.02 M9
A55: 0 | B55: 1 | E55: The percentage of sensitivity types that include minimum retention timelines | F55: =IFERROR(F50/F49,0) -> 0 | G55: M2 / M1
A56: 0 | B56: 1 | E56: The percentage of sensitivity types that include maximum retention timelines | F56: =IFERROR(F51/F49,0) -> 0 | G56: M3 / M1
A57: 0 | B57: 1 | E57: The percentage of sensitivity data that complies with retention policy | F57: =IFERROR(F52/F54,0) -> 0 | G57: M4 / M6
A58: 0 | B58: 1 | E58: Safeguard 3.04 Average Score | F58: =IF(F48=0,0,AVERAGE(F57,AVERAGE(F55:F56))) -> 0 | G58: If GV15 is not provided this Safeguard receives a "0" score.
A60: 0 | B60: 1 | E60: Safeguard Scoring Incomplete | F60: NOTES:
A62: 0 | B62: 1 | C62: 3.05 | D62: Securely Dispose of Data | F62: Measure | G62: Notes
A63: 0 | B63: 1 | E63: Portion of Data Management Process defining Disposal Requirements based on Data Sensitivity (GV16) | F63: =F9 -> 0 | G63: 3.01 M5
A64: 0 | B64: 1 | D64: M1 | E64: Count of Sensitive Data Types (GV17)
A65: 0 | B65: 1 | D65: M2 | E65: Count of sensitive data types with an outlined disposal method | G65: Identify and enumerate each type that has a disposal method and process as defined by GV16
A66: 0 | B66: 1 | D66: M3 | E66: Count of sensitive data types without an outlined disposal method | F66: =F64-F65 -> 0 | G66: Identify and enumerate each type that does not have a disposal method and process as defined by GV16: M1 - M2
A67: 0 | B67: 1 | D67: M4 | E67: Count of data in inventory that does not comply with disposal requirement | F67: =F69-F68 -> 0 | G67: Data that does not comply with disposal requirements: M6 - M5
A68: 0 | B68: 1 | D68: M5 | E68: Count of data in inventory that complies with disposal requirement | G68: Enumerate data that complies with disposal requirements
A69: 0 | B69: 1 | D69: M6 | E69: Count of all items in the organization's sensitive data inventory (GV12) | F69: =F25 -> 0 | G69: 3.02 M9
A70: 0 | B70: 1 | E70: The percentage of data sensitivity types that contain a disposal method and process | F70: =IFERROR(F65/F64,0) -> 0 | G70: M2 / M1
A71: 0 | B71: 1 | E71: The percentage of compliance to the data disposal process | F71: =IFERROR(F68/F69,0) -> 0 | G71: M5 / M6
A72: 0 | B72: 1 | E72: Safeguard 3.05 Average Score | F72: =(IF(F63=0,0,AVERAGE(F70,F71))) -> 0 | G72: If GV16 is not provided this Safeguard receives a "0" score.
A74: 0 | B74: 1 | E74: Safeguard Scoring Incomplete | F74: NOTES:
A76: 0 | B76: 1 | C76: 3.06 | D76: Encrypt Data on End-User Devices | F76: Measure | G76: Notes
A77: 0 | B77: 1 | D77: M1 | E77: Count of approved end-user devices (Subset of GV01) | G77: Enumerate the end-user devices
A78: 0 | B78: 1 | D78: M2 | E78: Count of approved end-user devices with encryption software installed | G78: Use GV5 to identify and enumerate the assets that have encryption software installed
A79: 0 | B79: 1 | D79: M3 | E79: Count of approved end-user devices without encryption software | F79: =F77-F78 -> 0 | G79: Assets without encryption software: M1 - M2
A80: 0 | B80: 1 | D80: M4 | E80: Count of properly configured end-user devices | G80: Enumerate the encryption software that is properly configured by verifying a Configuration Standard (GV03.c) is applied to all encryption software in use.
A81: 0 | B81: 1 | D81: M5 | E81: Count of improperly configured end-user devices | F81: =F78-F80 -> 0 | G81: Software that is improperly configured: M2 - M4
A82: 0 | B82: 1 | E82: The percentage of approved devices that are equipped with approved encryption software. | F82: =IFERROR(F78/F77,0) -> 0 | G82: M2 / M1
A83: 0 | B83: 1 | E83: The percentage of approved devices equipped with approved encryption software that meet or exceed the approved configuration policy. | F83: =IFERROR(F80/F77,0) -> 0 | G83: M4 / M1
A84: 0 | B84: 1 | E84: Safeguard 3.06 Final Score | F84: =F83 -> 0
A86: 0 | B86: 1 | E86: Safeguard Scoring Incomplete | F86: NOTES:
A88: 0 | B88: 2 | C88: 3.07 | D88: Establish and Maintain a Data Classification Scheme | F88: Measure | G88: Notes
A89: 0 | B89: 2 | D89: M1 | E89: Enterprise Data Classification Scheme (AD13) | F89: =IF(Artifacts!$E$49="Artifact Provided",1,0) -> 0 | G89: "1" if Data Classification Scheme exists, "0" if no
A90: 0 | B90: 2 | D90: M2 | E90: Sensitive Data Types with Sensitivity addressed by the classification scheme | G90: Enumerate the sensitivity types that are included in the classification scheme
A91: 0 | B91: 2 | D91: M3 | E91: Sensitive Data Types with Sensitivity not addressed by the classification scheme | F91: =F94-F90 -> 0 | G91: Sensitivity types that are not included in the classification scheme: M6-M2
A92: 0 | B92: 2 | D92: M4 | E92: Data properly categorized per the classification scheme | G92: Identify and enumerate data that contains an accurate classification per the classification scheme
A93: 0 | B93: 2 | D93: M5 | E93: Data lacking or improperly categorized per the classification scheme | F93: =F95-F92 -> 0 | G93: Data that does not contain a classification or contains an inaccurate classification per the classification scheme: M7-M4
A94: 0 | B94: 2 | D94: M6 | E94: Count of Sensitive Data Types (GV17)
A95: 0 | B95: 2 | D95: M7 | E95: Count of all items in the organization's sensitive data inventory (GV12) | F95: =F25 -> 0 | G95: 3.02 M9
A96: 0 | B96: 2 | D96: M8 | E96: Count of months since the last review of the classification scheme | F96: =DATEDIF(Artifacts!$F$49,GlobalSettings!$C$4,"m") -> 1508 | G96: Count of months since date provided for AD13
A97: 0 | B97: 2 | E97: The percentage of sensitive data types covered within the classification scheme. | F97: =IFERROR(F90/F94,0) -> 0 | G97: M2 / M6
A98: 0 | B98: 2 | E98: The percentage of data categorized using the classification scheme. | F98: =IFERROR(F92/F95,0) -> 0 | G98: M4 / M7
A99: 0 | B99: 2 | E99: Safeguard 3.07 Composite Score | F99: =IF(F89=0,0,IF(F96<=GlobalSettings!$C$8,(F97+F98)/2,IF(GlobalSettings!$C$10="No",0,((F97+F98)/2)*(GlobalSettings!$C$6-0.01)))) -> 0 | G99: If M1 is not provided this Safeguard receives a failing score | If M8>[defined timeframe], Safeguard receives a "0" or reduced score
A101: 0 | B101: 2 | E101: Safeguard Scoring Incomplete | F101: NOTES:
A103: 9 | B103: 2 | C103: 3.08 | D103: Document Data Flows | F103: Measure | G103: Notes
A104: 9 | B104: 2 | D104: M1 | E104: Enterprise Data Flow Documentation | G104: "1" if Data Flow Documentation exists, "0" if no
A105: 9 | B105: 2 | D105: M2 | E105: Count of data flows to external enterprises | G105: Enumerate the data that flows to external enterprises
A106: 9 | B106: 2 | D106: M3 | E106: Count of data flows included in the data flow documentation | G106: Enumerate data flows from Operation 2 that are included in M1
A107: 9 | B107: 2 | D107: M4 | E107: Count of data flows not included in the data flow documentation | F107: =F105-F106 -> 0 | G107: Data flows from Operation 2 that are not included in M1: M2-M3
A108: 9 | B108: 2 | D108: M5 | E108: Count of months since last review of the data flow documentation | G108: Compare the current date to the Date of last review of the data flow documentation. Note the timeframe in months
A109: 9 | B109: 2 | E109: The percentage of existing data flows in the enterprise's data flow documentation. | F109: =IFERROR(F106/F105,0) -> 0 | G109: M3 / M2
A110: 9 | B110: 2 | E110: Safeguard 3.08 Final Score | F110: =IF(F104=0,0,IF(F108<=GlobalSettings!$C$8,F109,IF(GlobalSettings!$C$10="No",0,F109*(GlobalSettings!$C$6-0.01)))) -> 0 | G110: If M1 is not provided this Safeguard receives a failing score | If M5>[defined timeframe], Safeguard receives a "0" or reduced score
A112: 9 | B112: 2 | E112: Safeguard Scoring Incomplete | F112: NOTES:
A114: 9 | B114: 2 | C114: 3.09 | D114: Encrypt Data on Removable Media | F114: Measure | G114: Notes
A115: 9 | B115: 2 | D115: M1 | E115: Count of assets authorized to support removable media | G115: Use GV1 to identify and enumerate assets authorized to support removable media
A116: 9 | B116: 2 | D116: M2 | E116: Count of authorized assets with encryption software installed | G116: Enumerate the number of assets with encryption software installed
A117: 9 | B117: 2 | D117: M3 | E117: Count of authorized assets without encryption software installed | F117: =F115-F116 -> 0 | G117: Assets without encryption software installed: M1-M2
A118: 9 | B118: 2 | D118: M4 | E118: Count of authorized assets with properly configured encryption software | G118: Enumerate assets that have properly configured encryption software
...

Sheet Control 04
C2: Control #4: Secure Configuration of Enterprise Assets and Software | F2: Assessed | G2: https://cas.docs.cisecurity.org/en/latest/source/Controls4/
A4: 0 | B4: 1 | C4: 4.01 | D4: Establish and Maintain a Secure Configuration Process | F4: Measure | G4: Notes
A5: 0 | B5: 1 | D5: M1 | E5: Enterprise Asset Inventory (GV01) | F5: =IF(Artifacts!$E$3="Artifact Provided",1,0) -> 0 | G5: "1" if provided, "0" if not provided
A6: 0 | B6: 1 | D6: M2 | E6: Count of applicable enterprise assets in GV01 | G6: Identify and enumerate end-user devices, including portable and mobile, non-computing/IoT devices, and servers in GV1
A7: 0 | B7: 1 | D7: M3 | E7: Count of software (operating systems, web servers, browsers, databases, and office suites) installed on applicable enterprise assets | G7: Using the output of M2, identify and enumerate the software installed on the assets using GV5
A8: 0 | B8: 1 | D8: M4 | E8: Count of software that is listed in the configuration standard | G8: Enumerate software that is listed in the configuration standard GV3
A9: 0 | B9: 1 | D9: M5 | E9: Count of software that is not listed in the configuration standard | F9: =F7-F8 -> 0 | G9: Software that is not listed in the configuration standard GV3: M3 - M4
A10: 0 | B10: 1 | D10: M6 | E10: Months since last update to Configuration Standard for Operating Systems and Software (GV03.a) | F10: =DATEDIF(Artifacts!$F$4,GlobalSettings!$C$4,"m") -> 1508 | G10: Count of months since date provided for GV03.a and Assessment Date
A11: 0 | B11: 1 | E11: The percentage of authorized software with secure configuration standards documented and maintained. | F11: =IFERROR(F8/F7,0) -> 0 | G11: M4 / M3
A12: 0 | B12: 1 | E12: Safeguard 4.01 Final Score | F12: =IF(F10<=GlobalSettings!$C$8,F11,IF(GlobalSettings!$C$10="No",0,F11*(GlobalSettings!$C$6-0.01))) -> 0 | G12: If M6 > [defined timeframe], Safeguard receives a "0" score
A14: 0 | B14: 1 | E14: Safeguard Scoring Incomplete | F14: NOTES:
A16: 9 | B16: 1 | C16: 4.02 | D16: Establish and Maintain a Secure Configuration Process for Network Infrastructure | F16: Measure | G16: Notes
A17: 9 | B17: 1 | D17: M1 | E17: Enterprise Asset Inventory (GV01) | F17: =IF(Artifacts!$E$3="Artifact Provided",1,0) -> 0 | G17: "1" if provided, "0" if not provided
A18: 9 | B18: 1 | D18: M2 | E18: Count of applicable network infrastructure assets in GV01 | G18: Identify and enumerate network infrastructure assets in GV1
A19: 9 | B19: 1 | D19: M3 | E19: Count of software installed on applicable enterprise assets | G19: Using the output of M2, identify and enumerate the software installed on the assets using GV5
A20: 9 | B20: 1 | D20: M4 | E20: Count of software that is listed in the configuration standard | G20: Enumerate software that is listed in the configuration standard GV3
A21: 9 | B21: 1 | D21: M5 | E21: Count of software that is not listed in the configuration standard | F21: =F19-F20 -> 0 | G21: Software that is not listed in the configuration standard GV3: M3 - M4
A22: 9 | B22: 1 | D22: M6 | E22: Months since last update to Configuration Standard for Operating Systems and Software (GV03.a) | F22: =DATEDIF(Artifacts!$F$4,GlobalSettings!$C$4,"m") -> 1508 | G22: Count of months since date provided for GV03 and Assessment Date
A23: 9 | B23: 1 | E23: The percentage of authorized software with secure configuration standards documented and maintained. | F23: =IFERROR(F20/F19,0) -> 0 | G23: M4 / M3
A24: 9 | B24: 1 | E24: Safeguard 4.02 Final Score | F24: =IF(F22<=GlobalSettings!$C$8,F23,IF(GlobalSettings!$C$10="No",0,F23*(GlobalSettings!$C$6-0.01))) -> 0 | G24: If M6 > [defined timeframe], Safeguard receives a "0" score
A26: 9 | B26: 1 | E26: Safeguard Scoring Incomplete | F26: NOTES:
A28: 0 | B28: 1 | C28: 4.03 | D28: Configure Automatic Session Locking on Enterprise Assets | F28: Measure | G28: Notes
A29: 0 | B29: 1 | D29: M1 | E29: Count of assets capable of supporting automatic session locking | G29: Identify and enumerate assets within GV1 that support automatic session locking due to inactivity
A30: 0 | B30: 1 | D30: M2 | E30: Count of assets with authorized software installed to allow automatic session locking | G30: Use GV5 to identify and enumerate assets from Operation 1 with authorized software installed
A31: 0 | B31: 1 | D31: M3 | E31: Count of general computing assets with properly configured automatic session locking | G31: For general computing assets, enumerate those assets with properly configured automatic session locking
A32: 0 | B32: 1 | D32: M4 | E32: Count of general computing assets with improperly configured automatic session locking | G32: For general computing assets, enumerate those assets with improperly configured automatic session locking
A33: 0 | B33: 1 | D33: M5 | E33: Count of mobile assets with properly configured automatic session locking | G33: For mobile assets, enumerate those assets with properly configured automatic session locking
A34: 0 | B34: 1 | D34: M6 | E34: Count of mobile assets with improperly configured automatic session locking | G34: For mobile assets, enumerate those assets with improperly configured automatic session locking
A35: 0 | B35: 1 | E35: The percentage of assets properly configured for automatic session locking. | F35: =IFERROR((F31+F33)/F29,0) -> 0 | G35: (M3 + M5) / M1
A36: 0 | B36: 1 | E36: Safeguard 4.03 Final Score | F36: =F35 -> 0
A38: 0 | B38: 1 | E38: Safeguard Scoring Incomplete | F38: NOTES:
A40: 0 | B40: 1 | C40: 4.04 | D40: Implement and Manage a Firewall on Servers | F40: Measure | G40: Notes
A41: 0 | B41: 1 | D41: M1 | E41: Count of servers capable of hosting a firewall | G41: Identify and enumerate servers capable of hosting a firewall using GV1
A42: 0 | B42: 1 | D42: M2 | E42: Count of applications of hosting a firewall | G42: Identify and enumerate applications capable of hosting a firewall using GV5
A43: 0 | B43: 1 | D43: M3 | E43: Count of servers with properly configured firewalls | G43: Enumerate servers from Operation 1 with properly configured firewalls
A44: 0 | B44: 1 | D44: M4 | E44: Count of servers with improperly configured firewalls | F44: =F41-F43 -> 0 | G44: Servers with improperly configured firewalls: M1 - M3
A45: 0 | B45: 1 | D45: M5 | E45: Count of applications with properly configured firewalls | G45: Enumerate applications from Operation 2 with properly configured firewalls
A46: 0 | B46: 1 | D46: M6 | E46: Count of applications with improperly configured firewalls | F46: =F42-F45 -> 0 | G46: Spplications with improperly configured firewalls: M2 - M5
A47: 0 | B47: 1 | E47: The percentage of properly configured firewalls within the enterprise | F47: =IFERROR((F43+F45)/(F41+F42),0) -> 0 | G47: (M3 + M5) / (M1 + M2)
A48: 0 | B48: 1 | E48: Safeguard 4.04 Final Score | F48: =F47 -> 0
A50: 0 | B50: 1 | E50: Safeguard Scoring Incomplete | F50: NOTES:
A52: 0 | B52: 1 | C52: 4.05 | D52: Implement and Manage a Firewall on End-User Devices | F52: Measure | G52: Notes
A53: 0 | B53: 1 | D53: M1 | E53: Count of end-user devices capable of hosting a firewall | G53: Identify and enumerate end-user devices capable of hosting a firewall or a deny rule using GV1
A54: 0 | B54: 1 | D54: M2 | E54: Count of end-user devices with a properly configured (CIS L1) firewall or default deny rule | G54: Leave blank when scoring manually using GPO settings (below)
A55: 0 | B55: 1 | D55: M2.a | E55: Ensure 'Windows Firewall: Domain: Firewall state' is set to 'On (recommended)' | G55: "1" if yes or Defender Firewall is on, "0" if no | HKLM\SOFTWARE\Policies\Microsoft\WindowsFirewall\DomainProfile:EnableFirewall
A56: 0 | B56: 1 | D56: M2.b | E56: Ensure 'Windows Firewall: Domain: Inbound connections' is set to 'Block (default)' | G56: "1" if yes, "0" if no | HKLM\SOFTWARE\Policies\Microsoft\WindowsFirewall\DomainProfile:DefaultInboundAction
A57: 0 | B57: 1 | D57: M2.c | E57: Ensure 'Windows Firewall: Private: Firewall state' is set to 'On (recommended)' | G57: "1" if yes or Defender Firewall is on, "0" if no | HKLM\SOFTWARE\Policies\Microsoft\WindowsFirewall\PrivateProfile:EnableFirewall
A58: 0 | B58: 1 | D58: M2.d | E58: Ensure 'Windows Firewall: Private: Inbound connections' is set to 'Block (default)' | G58: "1" if yes, "0" if no | HKLM\SOFTWARE\Policies\Microsoft\WindowsFirewall\PrivateProfile:DefaultInboundAction
A59: 0 | B59: 1 | D59: M2.e | E59: Ensure 'Windows Firewall: Public: Firewall state' is set to 'On (recommended)' | G59: "1" if yes or Defender Firewall in on, "0" if no | HKLM\SOFTWARE\Policies\Microsoft\WindowsFirewall\PublicProfile:EnableFirewall
A60: 0 | B60: 1 | D60: M2.f | E60: Ensure 'Windows Firewall: Public: Inbound connections' is set to 'Block (default)' | G60: "1" if yes, "0" if no | HKLM\SOFTWARE\Policies\Microsoft\WindowsFirewall\PublicProfile:DefaultInboundAction
A61: 0 | B61: 1 | D61: M2.g | E61: Ensure 'Windows Firewall: Public: Settings: Apply local firewall rules' is set to 'No' | G61: "1" if yes, "0" if no | HKLM\SOFTWARE\Policies\Microsoft\WindowsFirewall\PublicProfile:AllowLocalPolicyMerge
A62: 0 | B62: 1 | D62: M2.h | E62: Ensure 'Windows Firewall: Public: Settings: Apply local connection security rules' is set to 'No' | G62: "1" if yes, "0" if no | HKLM\SOFTWARE\Policies\Microsoft\WindowsFirewall\PublicProfile:AllowLocalIPsecPolicyMerge
A63: 0 | B63: 1 | D63: M3 | E63: Count of end-user devices with an improperly configured firewall and lacking a configured default deny rule | F63: =F53-F54 -> 0 | G63: M1 - M2
A64: 0 | B64: 1 | E64: The percentage of properly configured firewalls or deny rule on end-user devices | F64: =IFERROR((F54/F53)*SUM(F55:F62)/8,0) -> 0 | G64: (M2 / M1) * (M2a:M2h) / 8
A65: 0 | B65: 1 | E65: Safeguard 4.05 Final Score | F65: =F64 -> 0
A67: 0 | B67: 1 | E67: Safeguard Scoring Incomplete | F67: NOTES:
A69: 9 | B69: 1 | C69: 4.06 | D69: Securely Manage Enterprise Assets and Software | F69: Measure | G69: Notes
A70: 9 | B70: 1 | D70: M1 | E70: Count of authorized management software | G70: Using GV5, identify and enumerate authorized management software
A71: 9 | B71: 1 | D71: M2 | E71: Count of enterprise assets capable of supporting management software | G71: Using GV1, identify and enumerate assets capable of supporting management software
A72: 9 | B72: 1 | D72: M3 | E72: Count of assets with authorized management software installed | G72: Using the M1 and M2, identify and enumerate assets with authorized management software installed
A73: 9 | B73: 1 | D73: M4 | E73: Count of assets with properly configured management software | G73: Enumerate assets from Operation 3 with properly configured management software
A74: 9 | B74: 1 | D74: M5 | E74: Count of assets with improperly configured management software | F74: =F71-F73 -> 0 | G74: Assets with improperly configured management software:M2 - M4
A75: 9 | B75: 1 | E75: The percentage of assets with properly configured authorized management software | F75: =IFERROR(F73/F71,0) -> 0 | G75: M4 / M2
A76: 9 | B76: 1 | E76: Safeguard 4.06 Final Score | F76: =F75 -> 0
A78: 9 | B78: 1 | E78: Safeguard Scoring Incomplete | F78: NOTES:
A80: 0 | B80: 1 | C80: 4.07 | D80: Manage Default Accounts on Enterprise Assets and Software | F80: Measure | G80: Notes
A81: 0 | B81: 1 | D81: M1 | E81: Count of software that uses default accounts | G81: Use GV5 to identify and enumerate authorized operating software, applications, and third-party software that contain default accounts
A82: 0 | B82: 1 | D82: M2 | E82: Count of assets with software installed that uses default accounts | G82: Use GV1 to identify and enumerate assets with software from Operation 1, installed
A83: 0 | B83: 1 | D83: M3 | E83: Count of default accounts identified | G83: For each asset identified in M2, enumerate default accounts
A84: 0 | B84: 1 | D84: M4 | E84: Count of default accounts that have been disabled | G84: Enumerate accounts that are disabled
A85: 0 | B85: 1 | D85: M5 | E85: Count of default accounts that are enabled | F85: =F83-F84 -> 0 | G85: Accounts that are enabled: M3 - M4
A86: 0 | B86: 1 | D86: M6 | E86: Count of enabled default accounts with changed account names
A87: 0 | B87: 1 | E87: The percentage of default accounts that have been rendered unusable or renamed | F87: =IFERROR((F84+F86)/F83,0) -> 0 | G87: (M4 + M6) / M3
A88: 0 | B88: 1 | E88: Safeguard 4.07 Final Score | F88: =F87 -> 0
A90: 0 | B90: 1 | E90: Safeguard Scoring Incomplete | F90: NOTES:
A92: 9 | B92: 2 | C92: 4.08 | D92: Uninstall or Disable Unnecessary Services on Enterprise Assets and Software | F92: Measure | G92: Notes
A93: 9 | B93: 2 | D93: M1 | E93: Count of authorized services | G93: Use GV5 to identify and enumerate authorized services
A94: 9 | B94: 2 | D94: M2 | E94: Count of services on enterprise assets | G94: Use GV1 to identify and enumerate services on enterprise assets
A95: 9 | B95: 2 | D95: M3 | E95: Count of authorized services on assets | G95: Identify and enumerate authorized services on assets
A96: 9 | B96: 2 | D96: M4 | E96: Count of unauthorized services on assets | F96: =F94-F95 -> 0 | G96: Unauthorized services on assets: M2 - M3
A97: 9 | B97: 2 | D97: M5 | E97: Count of unauthorized services that are disabled | G97: Identify and enumerate services that are configured correctly (disabled)
A98: 9 | B98: 2 | D98: M6 | E98: Count of unauthorized services that are enabled | F98: =F96-F97 -> 0 | G98: Services that are configured improperly (enabled): M4 - M5
A99: 9 | B99: 2 | E99: The percentage of services installed/running that are compliant | F99: =IFERROR((F95+F97)/F94,0) -> 0 | G99: (M3 + M5) / M2
A100: 9 | B100: 2 | E100: The percentage of services installed/running that are non-compliant | F100: =IFERROR(F98/F94,0) -> 0 | G100: M6 / M2
A101: 9 | B101: 2 | E101: Safeguard 4.08 Final Score | F101: =F99 -> 0
A103: 9 | B103: 2 | E103: Safeguard Scoring Incomplete | F103: NOTES:
A105: 9 | B105: 2 | C105: 4.09 | D105: Configure Trusted DNS Servers on Enterprise Assets | F105: Measure | G105: Notes
A106: 9 | B106: 2 | D106: M1 | E106: Count of authorized DNS servers | G106: Use GV1 to identify and enumerate authorized DNS servers
A107: 9 | B107: 2 | D107: M2 | E107: Count of enterprise assets configured for DNS servers | G107: Use GV1 to identify and enumerate assets configured for authorized DNS servers
A108: 9 | B108: 2 | D108: M3 | E108: Count of assets with properly configured DNS servers | G108: Identify and enumerate assets with DNS servers that are properly configured
A109: 9 | B109: 2 | D109: M4 | E109: Count of assets with improperly configured DNS servers | F109: =F107-F108 -> 0 | G109: Assets with DNS servers that are improperly configured: M2 - M3
A110: 9 | B110: 2 | E110: The percentage of assets with properly configured DNS servers | F110: =IFERROR(F108/F107,0) -> 0 | G110: M3 / M2
A111: 9 | B111: 2 | E111: Safeguard 4.09 Final Score | F111: =F110 -> 0
A113: 9 | B113: 2 | E113: Safeguard Scoring Incomplete | F113: NOTES:
A115: 9 | B115: 2 | C115: 4.1 | D115: Enforce Automatic Device Lockout on Portable End-User Devices | F115: Measure | G115: Notes
A116: 9 | B116: 2 | D116: M1 | E116: Count of portable devices | G116: Use GV1 to identify and enumerate all portable devices
A117: 9 | B117: 2 | D117: M2 | E117: Count of properly configured laptops | G117: Identify and enumerate failed authentication on laptops that are properly configured
A118: 9 | B118: 2 | D118: M3 | E118: Count of improperly configured laptops | G118: Identify and enumerate failed authentication on laptops that are not properly configured
A119: 9 | B119: 2 | D119: M4 | E119: Count of properly configured mobile devices | G119: Identify and enumerate failed authentication on mobile devices that are properly configured
A120: 9 | B120: 2 | D120: M5 | E120: Count of improperly configured mobile devices | G120: Identify and enumerate failed authentication on mobile devices that are not properly configured
...

Sheet Control 05
C2: Control 5: Account Management | F2: Assessed | G2: https://cas.docs.cisecurity.org/en/latest/source/Controls5/
A4: 0 | B4: 1 | C4: 5.01 | D4: Establish and Maintain an Inventory of Accounts | F4: Measure | G4: Notes
A5: 0 | B5: 1 | D5: M1 | E5: Inventory of Accounts (GV22) | F5: =IF(Artifacts!$E$19="Artifact Provided",1,0) -> 0 | G5: "1" if provided, "0" if not provided
A6: 0 | B6: 1 | D6: M2 | E6: Count of accounts in GV22
A7: 0 | B7: 1 | D7: M3 | E7: Count of elements provided in the inventory | F7: 4 | G7: person’s name, username, start/stop dates, and department
A8: 0 | B8: 1 | D8: M4 | E8: Count of elements found in GV22
A9: 0 | B9: 1 | D9: M5 | E9: Count of elements missing from GV22 | F9: =(F6*F7)-F8 -> 0 | G9: (M2 * M3) - M4
A10: 0 | B10: 1 | D10: M6 | E10: Count of current accounts discovered
A11: 0 | B11: 1 | D11: M7 | E11: Count of discovered accounts that are included in GV22
A12: 0 | B12: 1 | D12: M8 | E12: Count of discovered accounts that are not included in GV22 | F12: =F10-F11 -> 0 | G12: M6 - M7
A13: 0 | B13: 1 | D13: M9 | E13: Timeframe of the last update to GV22 in months | F13: =DATEDIF(Artifacts!$F$19,GlobalSettings!$C$4,"m") -> 1508 | G13: Count of months since date provided for GV22 and Assessment Date
A14: 0 | B14: 1 | E14: The percentage of accounts with complete information. | F14: =IFERROR(F8/(F6*F7),0) -> 0 | G14: M4 / (M2 * M3)
A15: 0 | B15: 1 | E15: The percentage of accurately listed accounts in the inventory. | F15: =IFERROR(F11/F10,0) -> 0 | G15: M7 / M6
A16: 0 | B16: 1 | E16: Safeguard 5.01 Average Score | F16: =IF(F5=0,0,IF(F13<=3,AVERAGE(F14,F15),IF(GlobalSettings!$C$12="No",0,AVERAGE(F14,F15)*0.5))) -> 0 | G16: If GV22 is not provided, Safeguard receives a "0" score | If M9 > 3, Safeguard receives a "0" or reduced score
A18: 0 | B18: 1 | E18: Safeguard Scoring Incomplete | F18: NOTES:
A20: 0 | B20: 1 | C20: 5.02 | D20: Use Unique Passwords | F20: Measure | G20: Notes
A21: 0 | B21: 1 | D21: M1 | E21: Unique Password Policy (GV20) | F21: =IF(Artifacts!$E$18="Artifact Provided",1,0) -> 0 | G21: "1" if provided, "0" if not provided
A22: 0 | B22: 1 | D22: M2 | E22: Does guidance exist for accounts without MFA? | G22: "1" if yes, "0" if no
A23: 0 | B23: 1 | D23: M3 | E23: Number of Systems tested for password complexity elements
A24: 0 | B24: 1 | D24: M3.a | E24: Set 'Minimum password length' to '14 or more characters'
A25: 0 | B25: 1 | D25: M3.b | E25: Set 'Enforce password history' to '24 or more password(s)'
A26: 0 | B26: 1 | D26: M3.c | E26: Set 'Maximum password age' to '60 or fewer days, but not 0'
A27: 0 | B27: 1 | D27: M3.d | E27: Set 'Minimum password age' to '1 or more day(s)'
A28: 0 | B28: 1 | D28: M4 | E28: Does guidance exist for accounts with MFA? | G28: "1" if yes, "0" if no
A29: 0 | B29: 1 | D29: M5 | E29: Does guidance for accounts with MFA meet minimum guidance? | G29: "1" if yes, "0" if no
A30: 0 | B30: 1 | E30: Percentage of minimum password complexity implementation | F30: =IFERROR(SUM(F24:F27)/(F23*4),0) -> 0 | G30: (M3.a + M3.b + M3.c + M3.d) / (M3*4)
A31: 0 | B31: 1 | E31: Safeguard 5.02 Final Score | F31: =IF(F21=0,0,F30) -> 0 | G31: If GV20 is not provided, Safeguard receives a "0" score
A33: 0 | B33: 1 | E33: Safeguard Scoring Incomplete | F33: NOTES:
A35: 0 | B35: 1 | C35: 5.03 | D35: Disable Dormant Accounts | F35: Measure | G35: Notes
A36: 0 | B36: 1 | D36: M1 | E36: Count of accounts in Discovery | F36: =F10 -> 0 | G36: 5.01 M6
A37: 0 | B37: 1 | D37: M2 | E37: Timeframe of dormant threshold in days
A38: 0 | B38: 1 | D38: M3 | E38: Count of dormant accounts
A39: 0 | B39: 1 | D39: M4 | E39: Count of active accounts | F39: =F36-F38 -> 0 | G39: M1 - M3
A40: 0 | B40: 1 | D40: M5 | E40: Count of dormant accounts that have been disabled | F40: =F38-F41 -> 0 | G40: M3 - M6
A41: 0 | B41: 1 | D41: M6 | E41: Count of dormant accounts still enabled
A42: 0 | B42: 1 | E42: The percentage of dormant accounts discovered. | F42: =IFERROR(F41/F36,0) -> 0 | G42: M6 / M1
A43: 0 | B43: 1 | E43: The percentage of dormant accounts still enabled. | F43: =IFERROR(F41/F38,0) -> 0 | G43: M6 / M3
A44: 0 | B44: 1 | E44: Safeguard 5.03 Final Score | F44: =IF(F37=0,0,1-F43) -> 0 | G44: 1 - (M6 / M3)
A46: 0 | B46: 1 | E46: Safeguard Scoring Incomplete | F46: NOTES:
A48: 0 | B48: 1 | C48: 5.04 | D48: Restrict Administrator Privileges to Dedicated Administrator Accounts | F48: Measure | G48: Notes
A49: 0 | B49: 1 | D49: M1 | E49: Count of authorized administrator users with active administrator accounts
A50: 0 | B50: 1 | D50: M2 | E50: Count of authorized administrator users without active administrator accounts | F50: =F54-F49 -> 0 | G50: M6 - M1
A51: 0 | B51: 1 | D51: M3 | E51: Count of non-authorized users with active administrator accounts
A52: 0 | B52: 1 | D52: M4 | E52: Count of authorized administrator users with an active administrator and non-administrator account
A53: 0 | B53: 1 | D53: M5 | E53: Count of authorized administrator users without an active administrator and non-administrator account | F53: =F54-F52 -> 0 | G53: M6 - M4
A54: 0 | B54: 1 | D54: M6 | E54: Count of Users Identified as Administrators (Subset of GV22)
A55: 0 | B55: 1 | E55: The percentage of administrator users with both an administrator account and a non-administrator account. | F55: =IFERROR(F52/F54,0) -> 0 | G55: M4 / M6
A56: 0 | B56: 1 | E56: The percentage of unauthorized administrator accounts. | F56: =IFERROR(F51/(F49+F51),0) -> 0 | G56: M3 / (M1 + M3)
A57: 0 | B57: 1 | E57: Safeguard 5.04 Average Score | F57: =IF(F5=0,0,AVERAGE(F55,(1-F56))) -> 0 | G57: If GV22 is not provided, Safeguard receives a "0" score
A59: 0 | B59: 1 | E59: Safeguard Scoring Incomplete | F59: NOTES:
A61: 9 | B61: 2 | C61: 5.05 | D61: Establish and Maintain an Inventory of Service Accounts | F61: Measure | G61: Notes
A62: 9 | B62: 2 | D62: M1 | E62: Inventory of Service Accounts (GV23) | G62: "1" if yes, "0" if no
A63: 9 | B63: 2 | D63: M2 | E63: Count of accounts in inventory
A64: 9 | B64: 2 | D64: M3 | E64: Count of elements found in GV23 | G64: Expected elements: department owner, review date, purpose
A65: 9 | B65: 2 | D65: M4 | E65: Count of accounts in inventory with complete information
A66: 9 | B66: 2 | D66: M5 | E66: Count of accounts in inventory with missing or incomplete information | F66: =F64-F65 -> 0 | G66: M2 - M4
A67: 9 | B67: 2 | D67: M6 | E67: Count of current service accounts discovered
A68: 9 | B68: 2 | D68: M7 | E68: Count of authorized accounts
A69: 9 | B69: 2 | D69: M8 | E69: Count of unauthorized accounts | F69: =F67-F68 -> 0 | G69: M6 - M7
A70: 9 | B70: 2 | D70: M9 | E70: Timeframe of last update in months
A71: 9 | B71: 2 | E71: The percentage of minimum elements included in the inventory. | F71: =IFERROR(F64/(F63*3),0) -> 0 | G71: M3 / (M2 * 3)
A72: 9 | B72: 2 | E72: Safeguard 5.05 Final Score | F72: =IF(F70<=12,F71,IF(GlobalSettings!$C$12="No",0,F71*0.5)) -> 0 | G72: If M9 > 12, Safeguard receives a "0" or reduced score
A74: 9 | B74: 2 | E74: Safeguard Scoring Incomplete | F74: NOTES:
A76: 9 | B76: 2 | C76: 5.06 | D76: Safeguard Title | F76: Measure | G76: Notes
A77: 9 | B77: 2 | D77: M1 | E77: Count of centralized authentication points in the enterprise
A78: 9 | B78: 2 | D78: M2 | E78: Count of unnecessary centralized authentication points | F78: =F77-F79 -> 0 | G78: M1 - M3
A79: 9 | B79: 2 | D79: M3 | E79: Count of necessary centralized authentication points
A80: 9 | B80: 2 | E80: Percentage of properly centralized authentication points. | F80: =IFERROR(F79/F77,0) -> 0 | G80: M3 / M1
A81: 9 | B81: 2 | E81: Safeguard #.## Final Score | F81: =F80 -> 0
A83: 9 | B83: 2 | E83: Safeguard Scoring Incomplete | F83: NOTES:

Sheet Control 06
C2: Control 6: Access Control Management | F2: Assessed | G2: https://cas.docs.cisecurity.org/en/latest/source/Controls6/
A4: 0 | B4: 1 | C4: 6.01 | D4: Establish an Access Granting Process | F4: Measure | G4: Notes
A5: 0 | B5: 1 | D5: M1 | E5: Enterprise process for granting access to enterprise assets (AD07) | F5: =IF(Artifacts!$E$43="Artifact Provided",1,0) -> 0 | G5: "1" if provided, "0" if not provided
A6: 0 | B6: 1 | D6: M2.a | E6: Includes process for granting access for new users (upon hire) | G6: "1" if yes, "0" if no
A7: 0 | B7: 1 | D7: M2.b | E7: Includes process for granting access for existing users | G7: "1" if yes, "0" if no
A8: 0 | B8: 1 | D8: M2.c | E8: Includes process for granting access upon role change | G8: "1" if yes, "0" if no
A9: 0 | B9: 1 | E9: The percentage of elements included in the access granting process | F9: =SUM(F6:F8)/3 -> 0 | G9: SUM(M2.a,M2.b,M2.c) / 3
A10: 0 | B10: 1 | E10: Safeguard 6.01 Final Score | F10: =IF(F5=0,0,F9) -> 0 | G10: If process not provided, Safeguard receives a "0" score
A12: 0 | B12: 1 | E12: Safeguard Scoring Incomplete | F12: NOTES:
A14: 0 | B14: 1 | C14: 6.02 | D14: Establish an Access Revoking Process | F14: Measure | G14: Notes
A15: 0 | B15: 1 | D15: M1 | E15: Enterprise process for revoking access to enterprise assets (AD08) | F15: =IF(Artifacts!$E$44="Artifact Provided",1,0) -> 0 | G15: "1" if provided, "0" if not provided
A16: 0 | B16: 1 | D16: M2.a | E16: Includes process for revoking access for exising users (upon termination) | G16: "1" if yes, "0" if no
A17: 0 | B17: 1 | D17: M2.b | E17: Includes process for revoking access for existing users | G17: "1" if yes, "0" if no
A18: 0 | B18: 1 | D18: M2.c | E18: Includes process for revoking access upon role change | G18: "1" if yes, "0" if no
A19: 0 | B19: 1 | E19: The percentage of elements included in the access granting process | F19: =SUM(F16:F18)/3 -> 0 | G19: SUM(M2.a,M2.b,M2.c) / 3
A20: 0 | B20: 1 | E20: Safeguard 6.02 Final Score | F20: =IF(F15=0,0,F19) -> 0 | G20: If process not provided, Safeguard receives a "0" score
A22: 0 | B22: 1 | E22: Safeguard Scoring Incomplete | F22: NOTES:
A24: 9 | B24: 1 | C24: 6.03 | D24: Require MFA for Externally-Exposed Applications | F24: Measure | G24: Notes
A25: 9 | B25: 1 | D25: M1 | E25: Count of accounts associated with externally exposed and third-party applications | G25: Using GV5 to identify and enumerate externally exposed and third-party applications and Inventory of Accounts (GV22), identify and enumerate all user accounts associated with the applications
A26: 9 | B26: 1 | D26: M2 | E26: Count of accounts properly configured to require MFA | G26: Identify and enumerate accounts properly configured to require MFA
A27: 9 | B27: 1 | D27: M3 | E27: Count of accounts not properly configured to require MFA | F27: =F25-F26 -> 0 | G27: Accounts not properly configured to require MFA
A28: 9 | B28: 1 | E28: The percentage of externally exposed and third-party application accounts properly configured for MFA | F28: =IFERROR(F26/F25,0) -> 0 | G28: M2 / M1
A29: 9 | B29: 1 | E29: Safeguard 6.03 Final Score | F29: =F28 -> 0
A31: 9 | B31: 1 | E31: Safeguard Scoring Incomplete | F31: NOTES:
A33: 0 | B33: 1 | C33: 6.04 | D33: Require MFA for Remote Network Access | F33: Measure | G33: Notes
A34: 0 | B34: 1 | E34: Configuration Standards: MFA Mechanisms for Remote Access (GV03.h) | F34: =IF(Artifacts!$E$11="Artifact Provided",1,0) -> 0 | G34: "1" if provided, "0" if not provided
A35: 0 | B35: 1 | D35: M1 | E35: Enumerate all MFA Mechanisms for Remote Access in use by the organization
A36: 0 | B36: 1 | D36: M2 | E36: Count of MFA Mechanisms for Remote Access properly configured to require MFA
A37: 0 | B37: 1 | D37: M3 | E37: Count of MFA Mechanisms for Remote Access not properly configured to require MFA | F37: =F35-F36 -> 0 | G37: M1 - M2
A38: 0 | B38: 1 | E38: The percentage of remote assets properly configured to require MFA | F38: =IFERROR(F36/F35,0) -> 0 | G38: M2 / M1
A39: 0 | B39: 1 | E39: Safeguard 6.04 Final Score | F39: =IF(F34=0,0,F36/F35) -> 0 | G39: If configuration standard not provided, Safeguard receives a "0" score.
A41: 0 | B41: 1 | E41: Safeguard Scoring Incomplete | F41: NOTES:
A43: 0 | B43: 1 | C43: 6.05 | D43: Require MFA for Administrative Access | F43: Measure | G43: Notes
A44: 0 | B44: 1 | E44: Configuration Standards: MFA Mechanisms for Admin Access (GV03.h) | F44: =IF(Artifacts!$E$11="Artifact Provided",1,0) -> 0 | G44: "1" if provided, "0" if not provided
A45: 0 | B45: 1 | D45: M1 | E45: Enumerate all administrative accounts (local and domain)
A46: 0 | B46: 1 | D46: M2 | E46: Count of administrative accounts properly configured to require MFA
A47: 0 | B47: 1 | D47: M3 | E47: Count of administrative accounts not properly configured to require MFA | F47: =F45-F46 -> 0 | G47: M1 - M2
A48: 0 | B48: 1 | E48: The percentage of administrative accounts properly configured to require MFA | F48: =IFERROR(F46/F45,0) -> 0 | G48: M2 / M1
A49: 0 | B49: 1 | E49: Safeguard 6.05 Final Score | F49: =IF(F44=0,0,F46/F45) -> 0 | G49: If configuration standard not provided, Safeguard receives a "0" score.
A51: 0 | B51: 1 | E51: Safeguard Scoring Incomplete | F51: NOTES:
A53: 9 | B53: 2 | C53: 6.06 | D53: Establish and Maintain an Inventory of Authentication and Authorization Systems | F53: Measure | G53: Notes
A54: 9 | B54: 2 | D54: M1 | E54: Check if the enterprise maintains a GV23 Authentication and Authorization System Inventory of all on-site and remote service providers | F54: =IF(Artifacts!$E$20="Artifact Provided",1,0) -> 0 | G54: "1" if provided, "0" if not provided
A55: 9 | B55: 2 | D55: M2 | E55: Count of authorized and properly inventoried systems | G55: Identify and enumerate systems that are authorized and currently in the inventory
A56: 9 | B56: 2 | D56: M3 | E56: Count of authorized but not properly inventoried systems | G56: Identify and enumerate systems that are authorized and not currently in the inventory
A57: 9 | B57: 2 | D57: M4 | E57: Count of unauthorized but inventoried systems | G57: Identify and enumerate systems that are not authorized but listed in the current inventory
A58: 9 | B58: 2 | D58: M5 | E58: Count of systems in the current inventory Inventory of Authentication and Authorization Systems (GV23)
A59: 9 | B59: 2 | D59: M6 | E59: Timeframe since the last update of the inventory | F59: =DATEDIF(Artifacts!$F$20,GlobalSettings!$C$4,"m") -> 1508
A60: 9 | B60: 2 | E60: What percentage of the authorized authentication and authorization systems are accounted for in the current enterprise inventory? | F60: =IFERROR(F55/F58,0) -> 0 | G60: M2 / M5
A61: 9 | B61: 2 | E61: What percentage of unauthorized authentication and authorization systems are accounted for in the current enterprise inventory? | F61: =IFERROR(F57/F58,0) -> 0 | G61: M4 / M5
A62: 9 | B62: 2 | E62: Safeguard 6.06 Final Score | F62: =IF(F54=0,0,IF(F59<=12,AVERAGE(F60:F61),IF(GlobalSettings!$C$12="No",0,AVERAGE(F60:F61)*0.5))) -> 0 | G62: If M6 > 12, Safeguard receives a "0" or reduced score.
A64: 9 | B64: 2 | E64: Safeguard Scoring Incomplete | F64: NOTES:
A66: 9 | B66: 2 | C66: 6.07 | D66: Centralize Access Control | F66: Measure | G66: Notes
A67: 9 | B67: 2 | D67: M1 | E67: Count of assets capable of supporting directory and/or SSO services | G67: Use Enterprise Asset Inventory (GV1) to identify and enumerate assets that support directory and SSO services
A68: 9 | B68: 2 | D68: M2 | E68: Count of assets covered by at least one directory or SSO service | G68: Identify and enumerate assets that are covered by at least one directory or SSO service
A69: 9 | B69: 2 | D69: M3 | E69: Count of assets not covered by at least one directory or SSO service | F69: =F67-F68 -> 0 | G69: Assets that are not covered by at least one directory or SSO service
A70: 9 | B70: 2 | E70: The percentage of assets that can support directory and SSO service covered by at least one directory or SSO service. | F70: =IFERROR(F68/F67,0) -> 0 | G70: M2 / M1
A71: 9 | B71: 2 | E71: Safeguard 6.07 Final Score | F71: =F70 -> 0
A73: 9 | B73: 2 | E73: Safeguard Scoring Incomplete | F73: NOTES:
A75: 9 | B75: 3 | C75: 6.08 | D75: Define and Maintain Role-Based Access Control | F75: Measure | G75: Notes
A76: 9 | B76: 3 | D76: M1 | E76: Does a role-based access control process exist? | G76: "1" for yes, "0" for no
A77: 9 | B77: 3 | D77: M2 | E77: Count of Inventory of Accounts (GV22)
A78: 9 | B78: 3 | D78: M3 | E78: Count of accounts found in the inventory with assigned roles or groups | G78: Identify and enumerate accounts that are assigned a role or group
A79: 9 | B79: 3 | D79: M4 | E79: Count of accounts found in the inventory not assigned a role or group | F79: =F77-F78 -> 0 | G79: Accounts that are not assigned a role or group
A80: 9 | B80: 3 | D80: M5 | E80: Timeframe in months of the last review of the role-based access control process | G80: Compare the date of last validation of role-based access control to the current date and capture the timeframe in months
A81: 9 | B81: 3 | E81: The percentage of account inventory with a properly assigned role or group. | F81: =IFERROR(F78/F77,0) -> 0 | G81: M3 / M2
A82: 9 | B82: 3 | E82: Safeguard 6.08 Final Score | F82: =IF(F76=0,0,IF(F80<=GlobalSettings!$C$8,F81,IF(GlobalSettings!$C$10="No",0,F81*(GlobalSettings!$C$6-0.01)))) -> 0
A84: 9 | B84: 3 | E84: Safeguard Scoring Incomplete | F84: NOTES:

Sheet Control 07
C2: Control 7: Continuous Vulnerability Management | F2: Assessed | G2: https://cas.docs.cisecurity.org/en/latest/source/Controls7/
A4: 0 | B4: 1 | C4: 7.01 | D4: Establish and Maintain a Vulnerability Management Process | F4: Measure | G4: Notes
A5: 0 | B5: 1 | D5: M1 | E5: Enterprise Vulnerability Management Process (AD09) | F5: =IF(Artifacts!$E$45="Artifact Provided",1,0) -> 0 | G5: "1" if provided, "0" if not provided
A6: 0 | B6: 1 | D6: M2 | E6: Months since Last Update to Vulnerability Management Process | F6: =DATEDIF(Artifacts!$F$45,GlobalSettings!$C$4,"m") -> 1508 | G6: Count of months since date provided for AD09 and Assessment Date
A7: 0 | B7: 1 | E7: Vulnerability Management Process | F7: =IF(F5=0,0,IF(F6>GlobalSettings!$C$10,0,1)) -> 0
A8: 0 | B8: 1 | E8: Safeguard 7.01 Final Score | F8: =IF(F5=0,0,IF(F6<=GlobalSettings!$C$8,F7,IF(GlobalSettings!$C$10="No",0,F7*(GlobalSettings!$C$6-0.01)))) -> 0 | G8: If process is not provided, Safeguard receives a "0" score | If M2>[defined timeframe], Safeguard score is "0" or reduced
A10: 0 | B10: 1 | E10: Safeguard Scoring Incomplete | F10: NOTES:
A12: 0 | B12: 1 | C12: 7.02 | D12: Establish and Maintain a Remediation Process | F12: Measure | G12: Notes
A13: 0 | B13: 1 | D13: M1 | E13: Enterprise Vulnerability Remediation Process (AD10) | F13: =IF(Artifacts!$E$46="Artifact Provided",1,0) -> 0 | G13: "1" if provided, "0" if not provided
D14: M2 | E14: Sum of elements included in the remediation process. | F14: =SUM(F15:F16) -> 0
D15: M2.a | E15: The remediation process includes Sensitivity of Assets | F15: 0 | G15: "1" for yes, "0" for no
D16: M2.b | E16: The remediation process includes Criticality of Assets | F16: 0 | G16: "1" for yes, "0" for no
A17: 0 | B17: 1 | D17: M3 | E17: The remediation process requires that vulnerabilities be reviewed on at least a monthly basis | F17: 0 | G17: "1" for yes, "0" for no
A18: 0 | B18: 1 | E18: The percentage of elements included in the process | F18: =IFERROR((F14+F17)/3,0) -> 0
A19: 0 | B19: 1 | E19: Safeguard 7.02 Final Score | F19: =IF(F13=0,0,F18) -> 0 | G19: If process is not provided, Safeguard receives a "0" score
A21: 0 | B21: 1 | E21: Safeguard Scoring Incomplete | F21: NOTES:
A23: 0 | B23: 1 | C23: 7.03 | D23: Perform Automated Operating System Patch Management | F23: Measure | G23: Notes
A24: 0 | B24: 2 | E24: Configuration Standards: Automated Patch Management Software (GV03.f) | F24: =IF(Artifacts!$E$9="Artifact Provided",1,0) -> 0 | G24: "1" if provided, "0" if not provided
A25: 0 | B25: 1 | D25: M1 | E25: Count of operating systems installed on enterprise assets | G25: Identify the operating system currently running on each asset
A26: 0 | B26: 1 | D26: M2 | E26: Count of up-to-date operating systems installed on an asset | F26: =F25-F27 -> 0 | G26: M1 - M3
A27: 0 | B27: 1 | D27: M3 | E27: Count of operating systems installed on an asset that is not up-to-date | G27: Identify and enumerate operating systems that are not up to date
A28: 0 | B28: 1 | D28: M4 | E28: Count of not up-to-date operating systems with a documented exception | G28: Identify and enumerate operating systems with a documented exception
A29: 0 | B29: 1 | D29: M5 | E29: Count of not up-to-date operating systems without a documented exception | F29: =F27-F28 -> 0 | G29: Operating systems without a documented exception: M3 - M4
A30: 0 | B30: 1 | D30: M6 | E30: Count of authorized automated patch management software | G30: Use Authorized Software Inventory (GV5) to identify authorized automated patch management software
A31: 0 | B31: 1 | D31: M7 | E31: Count of operating systems covered by at least one automated patch management software | G31: Identify and enumerate operating systems covered by at least one automated patch management software
A32: 0 | B32: 1 | D32: M8 | E32: Count of operating systems not covered by at least one automated patch management software | F32: =F25-F31 -> 0 | G32: Operating systems not covered by at least one automated patch management software: M1 - M7
A33: 0 | B33: 1 | D33: M9 | E33: Count of automated patch management software properly configured to run every 30 days or less | G33: Identify and enumerate those configured to run every 30 days or less
A34: 0 | B34: 1 | D34: M10 | E34: Count of automated patch management software not properly configured to run every 30 days | F34: =F30-F33 -> 0 | G34: Software not configured to run every 30 days or les: M6 - M9
A35: 0 | B35: 1 | E35: The percent of operating systems that are up-to-date or have an exception | F35: =IFERROR((F26+F28)/F25,0) -> 0 | G35: (M2 + M4) / M1
A36: 0 | B36: 1 | E36: The percent of operating systems covered by at least one automated patch management software | F36: =IFERROR(F31/F25,0) -> 0 | G36: M7 / M1
A37: 0 | B37: 1 | E37: The percent of automated patch management software configured to run every 30 days or less | F37: =IFERROR(F33/F30,0) -> 0 | G37: M9 / M6
A38: 0 | B38: 1 | E38: Safeguard 7.03 Final Score | F38: =IF(F24=1,F35,F35*(GlobalSettings!$C$6-0.01)) -> 0 | G38: The percent of operating systems that are up-to-date or have an exception | If configuration standard is not provided, subscore is reduced
A40: 0 | B40: 1 | E40: Safeguard Scoring Incomplete | F40: NOTES:
A42: 0 | B42: 1 | C42: 7.04 | D42: Perform Automated Application Patch Management | F42: Measure | G42: Notes
A43: 0 | B43: 2 | E43: Configuration Standards: Automated Patch Management Software (GV03.f) | F43: =IF(Artifacts!$E$9="Artifact Provided",1,0) -> 0 | G43: "1" if provided, "0" if not provided
A44: 0 | B44: 1 | D44: M1 | E44: Count of applications installed on enterprise assets | G44: Identify the applications currently running on each asset
A45: 0 | B45: 1 | D45: M2 | E45: Count of up-to-date applications installed on enterprise assets | F45: =F44-F46 -> 0 | G45: M1 - M3
A46: 0 | B46: 1 | D46: M3 | E46: Count of applications installed on enterprise assets that are not up to date | G46: Identify and enumerate applications that are not up to date
A47: 0 | B47: 1 | D47: M4 | E47: Count of not up to date applications with a documented exception | G47: Identify and enumerate applications with a documented exception
A48: 0 | B48: 1 | D48: M5 | E48: Count of not up to date applications without a documented exception | F48: =F46-F47 -> 0 | G48: Applications without a documented exception: M3 - M4
A49: 0 | B49: 1 | D49: M6 | E49: Count of authorized automated patch management software | F49: =F30 -> 0 | G49: 7.03 M6
A50: 0 | B50: 1 | D50: M7 | E50: Count of applications covered by at least one automated patch management software | G50: Identify and enumerate applications covered by at least one automated patch management software
A51: 0 | B51: 1 | D51: M8 | E51: Count of applications not covered by at least one automated patch management software | F51: =F44-F50 -> 0 | G51: Applications not covered by at least one automated patch management software: M1 - M7
A52: 0 | B52: 1 | D52: M9 | E52: Count of automated patch management software properly configured to run every 1 month or less | F52: =F33 -> 0 | G52: Identify and enumerate those configured to run every 30 days or less: 7.03 M9
A53: 0 | B53: 1 | D53: M10 | E53: Count of automated patch management software not properly configured to run every 1 month | F53: =F34 -> 0 | G53: Software not configured to run every 30 days or less: 7.03 M10
A54: 0 | B54: 1 | E54: The percent of applications on an asset that are up to date | F54: =IFERROR((F45+F47)/F44,0) -> 0 | G54: (M2 + M4) / M1
A55: 0 | B55: 1 | E55: The percent of applications covered by at least one automated patch management software | F55: =IFERROR(F50/F44,0) -> 0 | G55: M7 / M1
A56: 0 | B56: 1 | E56: The percent of automated patch management software configured to run every 1 month or less | F56: =IFERROR(F52/F49,0) -> 0 | G56: M9 / M6
A57: 0 | B57: 1 | E57: Safeguard 7.04 Final Score | F57: =IF(F43=1,F54,F54*(GlobalSettings!$C$6-0.01)) -> 0 | G57: The percent of applications that are up-to-date or have an exception | If configuration standard is not provided, subscore is reduced
A59: 0 | B59: 1 | E59: Safeguard Scoring Incomplete | F59: NOTES:
A61: 0 | B61: 2 | C61: 7.05 | D61: Perform Automated Vulnerability Scans of Internal Enterprise Assets | F61: Measure | G61: Notes
A62: 0 | B62: 2 | E62: Configuration Standards: Vulnerability Scanners / Scanning Software (GV03.g) | F62: =IF(Artifacts!$E$10="Artifact Provided",1,0) -> 0 | G62: "1" if provided, "0" if not provided
A63: 0 | B63: 2 | D63: M1 | E63: Count of authorized vulnerability scanning software | G63: Identify and enumerate GV25 vulnerability scanning software
A64: 0 | B64: 2 | D64: M2 | E64: Count of authorized authenticated vulnerability scanning software | G64: Identify and enumerate authenticated vulnerability scanning software
A65: 0 | B65: 2 | D65: M3 | E65: Count of internal enterprise assets | G65: Use the GV1 enterprise asset inventory to identify and enumerate all internal assets
A66: 0 | B66: 2 | D66: M4 | E66: Count of internal assets covered by a vulnerability scanner | G66: Identify and enumerate internal assets covered by at least one vulnerability scanning software
A67: 0 | B67: 2 | D67: M5 | E67: Count of internal assets not covered by a vulnerability scanner | F67: =F65-F66 -> 0 | G67: Internal assets not covered by at least one vulnerability scanning software: M3 - M4
A68: 0 | B68: 2 | D68: M6 | E68: Count of internal assets covered by an authenticated vulnerability scanner | G68: Identify and enumerate internal assets covered by at least one authenticated vulnerability scanner
A69: 0 | B69: 2 | D69: M7 | E69: Count of internal assets not covered by an authenticated vulnerability scanner | F69: =F65-F68 -> 0 | G69: Internal assets not covered by at least one authenticated vulnerability scanner: M3 - M6
A70: 0 | B70: 2 | D70: M8 | E70: Count of vulnerability scanners properly configured to run every 1 month or less | G70: Identify and enumerate vulnerability scanners properly configured to scan every 3 months or less
A71: 0 | B71: 2 | D71: M9 | E71: Count of vulnerability scanners not properly configured to run every 1 month or less | F71: =F63-F70 -> 0 | G71: Vulnerability scanners not properly configured to scan every 3 months or less: M1 - M8
A72: 0 | B72: 2 | D72: M10 | E72: Count of authenticated vulnerability scanners properly configured to run every 1 month or less | G72: Identify and enumerate authenticated vulnerability scanners properly configured to scan every 3 months or less
A73: 0 | B73: 2 | D73: M11 | E73: Count of authenticated vulnerability scanners not properly configured to run every 1 month or less | F73: =F64-F72 -> 0 | G73: Authenticated vulnerability scanners not properly configured to scan every 3 months or less: M1 - M10
A74: 0 | B74: 2 | E74: The percentage of internal assets covered by a vulnerability scanner | F74: =IFERROR(F66/F65,0) -> 0 | G74: M4 / M3
A75: 0 | B75: 2 | E75: The percentage of internal assets covered by an authenticated vulnerability scanner | F75: =IFERROR(F68/F65,0) -> 0 | G75: M6 / M3
A76: 0 | B76: 2 | E76: The percentage of vulnerability scanners properly configured to scan every 1 month or less | F76: =IFERROR(F70/F63,0) -> 0 | G76: M8 / M1
A77: 0 | B77: 2 | E77: The percentage of authenticated vulnerability scanners properly configured to scan every 1 month or less | F77: =IFERROR(F72/F64,0) -> 0 | G77: M10 / M2
A78: 0 | B78: 2 | E78: Safeguard 7.05 Final Score | F78: =IF(F62=0,AVERAGE(F74:F75)*(GlobalSettings!C6-0.01),AVERAGE(F74:F75)) -> 0 | G78: AVERAGE(M4/M3,M6/M3) | If configuration standard for vulnerability scanners is not provided, subscore is reduced
A80: 0 | B80: 2 | E80: Safeguard Scoring Incomplete | F80: NOTES:
A82: 0 | B82: 2 | C82: 7.06 | D82: Perform Automated Vulnerability Scans of Externally-Exposed Enterprise Assets | F82: Measure | G82: Notes
A83: 0 | B83: 2 | E83: Configuration Standards: Vulnerability Scanners / Scanning Software (GV03.g) | F83: =IF(Artifacts!$E$10="Artifact Provided",1,0) -> 0 | G83: "1" if provided, "0" if not provided
A84: 0 | B84: 2 | D84: M1 | E84: Count of authorized vulnerability scanning software
A85: 0 | B85: 2 | D85: M2 | E85: Count of external enterprise assets | G85: Use the GV1 enterprise asset inventory to identify and enumerate all external assets
A86: 0 | B86: 2 | D86: M3 | E86: Count of external assets covered by a vulnerability scanner | G86: Identify and enumerate external assets covered by at least one vulnerability scanning software
A87: 0 | B87: 2 | D87: M4 | E87: Count of external assets not covered by a vulnerability scanner | F87: =F85-F86 -> 0 | G87: External assets not covered by at least one vulnerability scanning software: M2-M3
A88: 0 | B88: 2 | D88: M5 | E88: Count of vulnerability scanners properly configured to run every 1 month or less | G88: Identify and enumerate vulnerability scanners properly configured to scan every 30 days or less
A89: 0 | B89: 2 | D89: M6 | E89: Count of vulnerability scanners not properly configured to run every 1 month or less | F89: =F84-F88 -> 0 | G89: Vulnerability scanners not properly configured to scan every 30 days or less: M1-M5
A90: 0 | B90: 2 | E90: The percentage of external assets covered by a vulnerability scanner | F90: =IFERROR(F86/F85,0) -> 0 | G90: M3/M2
A91: 0 | B91: 2 | E91: The percentage of vulnerability scanners properly configured to scan every 1 month or less | F91: =IFERROR(F88/F84,0) -> 0 | G91: M5/M1
A92: 0 | B92: 2 | E92: Safeguard 7.06 Final Score | F92: =IF(F83=0,F90*(GlobalSettings!$C$6-0.01),F90) -> 0 | G92: The percentage of external assets covered by a vulnerability scanner | If configuration standard for vulnerability scanners is not provided, subscore is reduced
A94: 0 | B94: 2 | E94: Safeguard Scoring Incomplete | F94: NOTES:
A96: 9 | B96: 2 | C96: 7.07 | D96: Remediate Detected Vulnerabilities | F96: Measure | G96: Notes
A97: 9 | B97: 2 | D97: M1 | E97: Count of vulnerabilities identified in Previous vulnerability scan | G97: Assumptions: Asset-vulnerability combinations not found in the most recent scan are indicative of remediation of that vulnerability on that asset
A98: 9 | B98: 2 | D98: M2 | E98: Count of unremediated vulnerabilities | F98: =F97-F99 -> 0 | G98: Identify and enumerate assets listed with the same vulnerability on both scans
A99: 9 | B99: 2 | D99: M3 | E99: Count of remediated vulnerabilities | G99: Assets previously found in Input 3 that are no longer listed in Input 2 with the same vulnerability
A100: 9 | B100: 2 | D100: M4 | E100: Timeframe in between scans | G100: Compare Date of current vulnerability scan and Date of the previous vulnerability scan and capture the timeframe between scans in days
A101: 9 | B101: 2 | E101: The percentage of remediated vulnerabilities | F101: =IFERROR(F99/F97,0) -> 0 | G101: M3 / M1
A102: 9 | B102: 2 | E102: Safeguard 7.07 Final Score | F102: =F101 -> 0
A104: 9 | B104: 2 | E104: Safeguard Scoring Incomplete | F104: NOTES:

Sheet Control 08
C2: Control 8: Audit Log Management | F2: Assessed | G2: https://cas.docs.cisecurity.org/en/latest/source/Controls8/
A4: 0 | B4: 1 | C4: 8.01 | D4: Establish and Maintain an Audit Log Management Process | F4: Measure | G4: Notes
A5: 0 | B5: 1 | D5: M1 | E5: Audit Log Management Process (GV26) | F5: =IF(Artifacts!$E$23="Artifact Provided",1,0) -> 0 | G5: "1" if provided, "0" if not provided
A6: 0 | B6: 1 | D6: M2.a | E6: Process includes the collection of Auditable Events | G6: "1" if yes, "0" if no
A7: 0 | B7: 1 | D7: M2.b | E7: Process includes the review of of Auditable Events / Audit Records | G7: "1" if yes, "0" if no
A8: 0 | B8: 1 | D8: M2.c | E8: Process includes the retention of Audit Records | G8: "1" if yes, "0" if no
A9: 0 | B9: 1 | D9: M3 | E9: Timeframe since the last review of the audit log management process | F9: =DATEDIF(Artifacts!$F$23,GlobalSettings!$C$4,"m") -> 1508 | G9: Count of months since last review of Process
A10: 0 | B10: 1 | E10: The percentage of elements included in the audit log | F10: =IFERROR(SUM(F6:F8)/3,0) -> 0 | G10: M2 / 3
A11: 0 | B11: 1 | E11: Safeguard 8.01 Final Score | F11: =IF(F5=0,0,IF(F9<=GlobalSettings!$C$8,F10,IF(GlobalSettings!$C$10="No",0,F10*(GlobalSettings!$C$6-0.01)))) -> 0 | G11: If GV26 is not provided, Safeguard receives a "0" score | If M9>[defined timeframe] Safeguard score is "0" or reduced
A13: 0 | B13: 1 | E13: Safeguard Scoring Incomplete | F13: NOTES:
A15: 0 | B15: 1 | C15: 8.02 | D15: Collect Audit Logs | F15: Measure | G15: Notes
A16: 0 | B16: 1 | D16: M1 | E16: Sample count of assets capable of supporting logging | G16: Leave blank when scoring manually using GPO settings (below)
A17: 0 | B17: 1 | D17: M2 | E17: Count of properly configured assets to log events per CIS L1 benchmark | G17: Leave blank when scoring manually using GPO settings (below)
A18: 0 | B18: 1 | D18: M2.a | E18: Ensure 'Windows Firewall: Domain: Logging: Name' is set to '%SystemRoot%\System32\logfiles\firewall\domainfw.log' | G18: "1" if yes, "0" if no | HKLM\SOFTWARE\Policies\Microsoft\WindowsFirewall\DomainProfile\Logging:LogFilePath
A19: 0 | B19: 1 | D19: M2.b | E19: Ensure 'Windows Firewall: Private: Logging: Name' is set to '%SystemRoot%\System32\logfiles\firewall\privatefw.log' | G19: "1" if yes, "0" if no | HKLM\SOFTWARE\Policies\Microsoft\WindowsFirewall\PrivateProfile\Logging:LogFilePath
A20: 0 | B20: 1 | D20: M2.c | E20: Ensure 'Windows Firewall: Public: Logging: Name' is set to '%SystemRoot%\System32\logfiles\firewall\publicfw.log' | G20: "1" if yes, "0" if no | HKLM\SOFTWARE\Policies\Microsoft\WindowsFirewall\PublicProfile\Logging:LogFilePath
A21: 0 | B21: 1 | D21: M3 | E21: Count of assets not properly configured to log events per the audit log management process | F21: =F16-F17 -> 0 | G21: M1 - M2
A22: 0 | B22: 1 | E22: The ratio of logging-capable assets properly configured per the audit log management process. | F22: =IFERROR(F17/F16,0) -> 0 | G22: M2 / M1 (result will be "0" when scored using GPO settings)
A23: 0 | B23: 1 | E23: Safeguard 8.02 Final Score | F23: =IF(F17=0,(SUM(F18:F20)/3),F22) -> 0 | G23: If M2= 0, Manual GPO Score = SUM(M2) / 3
A25: 0 | B25: 1 | E25: Safeguard Scoring Incomplete | F25: NOTES:
A27: 0 | B27: 1 | C27: 8.03 | D27: Ensure Adequate Audit Log Storage | F27: Measure | G27: Notes
A28: 0 | B28: 1 | D28: M1 | E28: Sample count of assets capable of supporting logging | G28: Leave blank when scoring manually using GPO settings (below)
A29: 0 | B29: 1 | D29: M2 | E29: Count of assets with properly configured (CIS L1) retention requirements | G29: Leave blank when scoring manually using GPO settings (below)
A30: 0 | B30: 1 | D30: M2.a | E30: Ensure 'Windows Firewall: Domain: Logging: Size limit (KB)' is set to '16,384 KB or greater' | G30: "1" if yes, "0" if no | HKLM\SOFTWARE\Policies\Microsoft\WindowsFirewall\DomainProfile\Logging:LogFileSize
A31: 0 | B31: 1 | D31: M2.b | E31: Ensure 'Windows Firewall: Private: Logging: Size limit (KB)' is set to '16,384 KB or greater' | G31: "1" if yes, "0" if no | HKLM\SOFTWARE\Policies\Microsoft\WindowsFirewall\PrivateProfile\Logging:LogFileSize
A32: 0 | B32: 1 | D32: M2.c | E32: Ensure 'Windows Firewall: Public: Logging: Size limit (KB)' is set to '16,384 KB or greater' | G32: "1" if yes, "0" if no | HKLM\SOFTWARE\Policies\Microsoft\WindowsFirewall\PublicProfile\Logging:LogFileSize
A33: 0 | B33: 1 | D33: M2.d | E33: Ensure 'Application: Specify the maximum log file size (KB)' is set to 'Enabled: 32,768 or greater' | G33: "1" if yes, "0" if no | HKLM\SOFTWARE\Policies\Microsoft\Windows\EventLog\Application:MaxSize
A34: 0 | B34: 1 | D34: M2.e | E34: Ensure 'Security: Specify the maximum log file size (KB)' is set to 'Enabled: 196,608 or greater' | G34: "1" if yes, "0" if no | HKLM\SOFTWARE\Policies\Microsoft\Windows\EventLog\Security:MaxSize
A35: 0 | B35: 1 | D35: M2.f | E35: Ensure 'Setup: Specify the maximum log file size (KB)' is set to 'Enabled: 32,768 or greater' | G35: "1" if yes, "0" if no | HKLM\SOFTWARE\Policies\Microsoft\Windows\EventLog\Setup:MaxSize
A36: 0 | B36: 1 | D36: M2.g | E36: Ensure 'System: Specify the maximum log file size (KB)' is set to 'Enabled: 32,768 or greater' | G36: "1" if yes, "0" if no | HKLM\SOFTWARE\Policies\Microsoft\Windows\EventLog\System:MaxSize
A37: 0 | B37: 1 | D37: M3 | E37: Count of assets not properly configured to meet retention requirements | F37: =F28-F29 -> 0 | G37: M1 - M2
A38: 0 | B38: 1 | E38: The percentage of assets compliant with the organization's logging policy | F38: =IFERROR(F29/F28,0) -> 0 | G38: M2 / M1 (result will be "0" when scored using GPO settings)
A39: 0 | B39: 1 | E39: Safeguard 8.03 Final Score | F39: =IF(F29=0,(SUM(F30:F36)/7),F38) -> 0 | G39: IF M2=0, Manual GPO Score = SUM(M2) / 7
A41: 0 | B41: 1 | E41: Safeguard Scoring Incomplete | F41: NOTES:
A43: 0 | B43: 2 | C43: 8.04 | D43: Standardize Time Synchronization | F43: Measure | G43: Notes
A44: 0 | B44: 2 | D44: M1 | E44: Sample count of logging-capable assets that support time synchronization
A45: 0 | B45: 2 | D45: M2 | E45: Count of properly configured assets using at least two approved time sources
A46: 0 | B46: 2 | D46: M3 | E46: Count of assets configured using non-approved time sources
A47: 0 | B47: 2 | D47: M4 | E47: Count of assets not configured to use time sources | F47: =F44-(F45+F46) -> 0 | G47: M1 - (M2 + M3)
A48: 0 | B48: 2 | E48: The percentage of assets properly configured with at least two approved synchronized time sources | F48: =IFERROR(F45/F44,0) -> 0 | G48: M2 / M1
A49: 0 | B49: 2 | E49: Safeguard 8.04 Final Score | F49: =F48 -> 0
A51: 0 | B51: 2 | E51: Safeguard Scoring Incomplete | F51: NOTES:
A53: 0 | B53: 2 | C53: 8.05 | D53: Collect Detailed Audit Logs | F53: Measure | G53: Notes
A54: 0 | B54: 2 | D54: M1 | E54: Sample count of assets capable of supporting logging | G54: Leave blank when scoring manually using GPO settings (below)
A55: 0 | B55: 2 | D55: M2 | E55: Count of detailed logging requirements included in the log management process | G55: Expected elements: event source, date, username, timestamp, source addresses, and destination addresses.
A56: 0 | B56: 2 | D56: M3 | E56: Count of assets properly configured to collect detailed logs per CIS L1 benchmark | G56: Leave blank when scoring manually using GPO settings (below)
A57: 0 | B57: 2 | D57: M3.a | E57: Ensure 'Audit Credential Validation' is set to 'Success and Failure' | G57: "1" if yes, "0" if no | Audit Policy\ Account Logon\ Credential Validation
A58: 0 | B58: 2 | D58: M3.b | E58: Ensure 'Audit Application Group Management' is set to 'Success and Failure' | G58: "1" if yes, "0" if no | Audit Policy\ Account Management\ Application Group Management
A59: 0 | D59: M3.c | E59: Ensure 'Audit Security Group Management' is set to include 'Success' | G59: "1" if yes, "0" if no | Audit Policy\ Account Management\ Security Group Management
A60: 0 | B60: 2 | D60: M3.d | E60: Ensure 'Audit User Account Management' is set to 'Success and Failure' | G60: "1" if yes, "0" if no | Audit Policy\ Account Management\ User Account Management
A61: 0 | B61: 2 | D61: M3.e | E61: Ensure 'Audit Account Lockout' is set to include 'Failure' | G61: "1" if yes, "0" if no | Audit Policy\ Logon/Logoff\ Account Lockout
A62: 0 | B62: 2 | D62: M3.f | E62: Ensure 'Audit Group Membership' is set to include 'Success' | G62: "1" if yes, "0" if no | Audit Policy\ Logon/Logoff\ Group Membership
A63: 0 | B63: 2 | D63: M3.g | E63: Ensure 'Audit Logoff' is set to include 'Success' | G63: "1" if yes, "0" if no | Audit Policy\ Logon/Logoff\ Logoff
A64: 0 | D64: M3.h | E64: Ensure 'Audit Logon' is set to 'Success and Failure' | G64: "1" if yes, "0" if no | Audit Policy\ Logon/Logoff\ Logon
A65: 0 | B65: 2 | D65: M3.i | E65: Ensure 'Audit Other Logon/Logoff Events' is set to 'Success and Failure' | G65: "1" if yes, "0" if no | Audit Policy\ Logon/Logoff\ Other Logon/Logoff Events
A66: 0 | B66: 2 | D66: M3.j | E66: Ensure 'Audit Detailed File Share' is set to include 'Failure' | G66: "1" if yes, "0" if no | Audit Policy\ Object Access\ Detailed File Share
A67: 0 | B67: 2 | D67: M3.k | E67: Ensure 'Audit File Share' is set to 'Success and Failure' | G67: "1" if yes, "0" if no | Audit Policy\ Object Access\ File Share
A68: 0 | B68: 2 | D68: M3.l | E68: Ensure 'Audit Other Object Access Events' is set to 'Success and Failure' | G68: "1" if yes, "0" if no | Audit Policy\ Object Access\ Other Object Access Events
A69: 0 | D69: M3.m | E69: Ensure 'Audit Removable Storage' is set to 'Success and Failure' | G69: "1" if yes, "0" if no | Audit Policy\ Object Access\ Removable Storage
A70: 0 | B70: 2 | D70: M3.n | E70: Ensure 'Audit Audit Policy Change' is set to include 'Success' | G70: "1" if yes, "0" if no | Audit Policy\ Policy Change\ Audit Policy Change
A71: 0 | B71: 2 | D71: M3.o | E71: Ensure 'Audit Authentication Policy Change' is set to include 'Success' | G71: "1" if yes, "0" if no | Audit Policy\ Policy Change\ Authentication Policy Change
A72: 0 | B72: 2 | D72: M3.p | E72: Ensure 'Audit Authorization Policy Change' is set to include 'Success' | G72: "1" if yes, "0" if no | Audit Policy\ Policy Change\ Authorization Policy Change
A73: 0 | B73: 2 | D73: M3.q | E73: Ensure 'Audit MPSSVC Rule-Level Policy Change' is set to 'Success and Failure' | G73: "1" if yes, "0" if no | Audit Policy\ Policy Change\ MPSSVC Rule-Level Policy Change
A74: 0 | D74: M3.r | E74: Ensure 'Audit Other Policy Change Events' is set to include 'Failure' | G74: "1" if yes, "0" if no | Audit Policy\ Policy Change\ Other Policy Change Events
A75: 0 | B75: 2 | D75: M3.s | E75: Ensure 'Audit Sensitive Privilege Use' is set to 'Success and Failure' | G75: "1" if yes, "0" if no | Audit Policy\ Privilege Use\ Sensitive Privilege Use
A76: 0 | B76: 2 | D76: M3.t | E76: Ensure 'Audit IPsec Driver' is set to 'Success and Failure' | G76: "1" if yes, "0" if no | Audit Policy\ System\ IPsec Driver
A77: 0 | B77: 2 | D77: M3.u | E77: Ensure 'Audit Other System Events' is set to 'Success and Failure' | G77: "1" if yes, "0" if no | Audit Policy\ System\ Other System Events
A78: 0 | B78: 2 | D78: M3.v | E78: Ensure 'Audit Security State Change' is set to include 'Success' | G78: "1" if yes, "0" if no | Audit Policy\ System\ Security State Change
A79: 0 | B79: 2 | D79: M3.w | E79: Ensure 'Audit Security System Extension' is set to include 'Success' | G79: "1" if yes, "0" if no | Audit Policy\ System\ Security System Extension
A80: 0 | B80: 2 | D80: M3.x | E80: Ensure 'Audit System Integrity' is set to 'Success and Failure' | G80: "1" if yes, "0" if no | Audit Policy\ System\ System Integrity
A81: 0 | B81: 2 | D81: M4 | E81: Count of assets not properly configured to collect detailed logs | F81: =F54-F56 -> 0 | G81: M1 - M3
A82: 0 | B82: 2 | E82: The percentage of detailed logging requirements included in the logging management process | F82: =F55/6 -> 0 | G82: M2 / 6
A83: 0 | B83: 2 | E83: The percentage of assets properly configured to collect detailed logs | F83: =IFERROR(F56/F54,0) -> 0 | G83: M3 / M1 (result will be "0" when scored using GPO settings)
A84: 0 | B84: 2 | E84: Safeguard 8.05 Final Score | F84: =IF(F56=0,(SUM(F57:F80)/24),F83) -> 0 | G84: IF M3=0, Manual GPO Score = SUM(M3) / 24
A86: 0 | B86: 2 | C86: 2 | E86: Safeguard Scoring Incomplete | F86: NOTES:
A88: 9 | B88: 2 | C88: 8.06 | D88: Collect DNS Query Audit Logs | F88: Measure | G88: Notes
A89: 9 | B89: 2 | D89: M1 | E89: Count of internal DNS servers | G89: Use Enterprise Asset Inventory (GV1) to identify and enumerate internal DNS Servers
A90: 9 | B90: 2 | D90: M2 | E90: Count of properly configured DNS servers | G90: Identify and enumerate DNS servers properly configured to collect logs
A91: 9 | B91: 2 | D91: M3 | E91: Count of DNS servers not properly configured DNS servers | F91: =F89-F90 -> 0 | G91: DNS servers not properly configured to collect logs
A92: 9 | B92: 2 | E92: The percentage of properly configured DNS servers to meet logging requirements | F92: =IFERROR(F90/F89,0) -> 0 | G92: M2 / M1
A93: 9 | B93: 2 | E93: Safeguard 8.06 Final Score | F93: =F92 -> 0
A95: 9 | B95: 2 | E95: Safeguard Scoring Incomplete | F95: NOTES:
A97: 9 | B97: 2 | C97: 8.07 | D97: Collect URL Request Audit Logs | F97: Measure | G97: Notes
A98: 9 | B98: 2 | D98: M1 | E98: Sample count of assets capable of supporting URL logging | G98: Use Enterprise Asset Inventory (GV1) to identify and enumerate assets that support URL logging
A99: 9 | B99: 2 | D99: M2 | E99: Count of assets properly configured for URL logging | G99: Identify and enumerate assets properly configured for logging
A100: 9 | B100: 2 | D100: M3 | E100: Count of assets not properly configured for URL logging | F100: =F98-F99 -> 0 | G100: Assets not properly configured for logging
A101: 9 | B101: 2 | E101: The percentage of assets properly configured for URL logging | F101: =IFERROR(F99/F98,0) -> 0 | G101: M2 / M1
A102: 9 | B102: 2 | E102: Safeguard 8.07 Final Score | F102: =F101 -> 0
A104: 9 | B104: 2 | E104: Safeguard Scoring Incomplete | F104: NOTES:
A106: 9 | B106: 2 | C106: 8.08 | D106: Collect Command-Line Audit Logs | F106: Measure | G106: Notes
A107: 9 | B107: 2 | D107: M1 | E107: Sample count of assets capable of supporting command-line auditing of command shells | G107: Use Enterprise Asset Inventory (GV1) to identify and enumerate assets that support command-line auditing of command shells
A108: 9 | B108: 2 | D108: M2 | E108: Count of assets properly configured for command-line auditing of command shells | G108: Identify and enumerate assets properly configured
A109: 9 | B109: 2 | D109: M3 | E109: Count of assets not properly configured for command-line auditing of command shells | F109: =F107-F108 -> 0 | G109: Assets not properly configured
A110: 9 | B110: 2 | E110: The percentage of assets properly configured for command-line auditing of command shells | F110: =IFERROR(F108/F107,0) -> 0 | G110: M2 / M1
A111: 9 | B111: 2 | E111: Safeguard 8.08 Final Score | F111: =F110 -> 0
A113: 9 | B113: 2 | E113: Safeguard Scoring Incomplete | F113: NOTES:
A115: 0 | B115: 2 | C115: 8.09 | D115: Centralize Audit Logs | F115: Measure | G115: Notes
A116: 0 | B116: 2 | D116: M1 | E116: Sample count of assets capable of supporting logging
A117: 0 | B117: 2 | D117: M2 | E117: Count of assets covered by at least one aggregating software
A118: 0 | B118: 2 | D118: M3 | E118: Count of assets not covered by at least one aggregating software | F118: =F116-F117 -> 0 | G118: M1 - M2
...

Sheet Control 09
C2: Control 9: Email and Web Browser Protections | F2: Assessed | G2: https://cas.docs.cisecurity.org/en/latest/source/Controls9/
A4: 0 | B4: 1 | C4: 9.01 | D4: Ensure Use of Only Fully Supported Browsers and Email Clients | F4: Measure | G4: Notes
A5: 0 | B5: 1 | E5: Authorized Software Inventory (GV05) | F5: =IF(Artifacts!$E$13="Artifact Provided",1,0) -> 0 | G5: "1" if provided, "0" if not provided
A6: 0 | B6: 1 | D6: M1 | E6: Count of authorized web browser and email client software
A7: 0 | B7: 1 | D7: M2 | E7: Count of authorized software labeled as "supported" and currently supported | G7: Identify and enumerate software labeled as "supported" that is currently supported
A8: 0 | B8: 1 | D8: M3 | E8: Count of authorized software labeled as "supported" and currently unsupported | G8: Identify and enumerate software labeled as "supported" that is currently unsupported
A9: 0 | B9: 1 | D9: M4 | E9: Count of authorized software labeled as "unsupported" and currently supported | G9: Identify and enumerate software labeled as "unsupported" that is currently unsupported
A10: 0 | B10: 1 | D10: M5 | E10: Count of authorized software labeled as "unsupported" and currently unsupported | G10: Identify and enumerate software labeled as "unsupported" that is currently supported
A11: 0 | B11: 1 | E11: The percentage of unsupported web browser and email client software in use | F11: =IFERROR((F8+F9) / F6,0) -> 0 | G11: (M3 + M4) / M1
A12: 0 | B12: 1 | E12: The percentage of authorized web browser and email client software labeled as "supported" but found to be unsupported | F12: =IFERROR(F8/(F7+F8),0) -> 0 | G12: M3 / (M2 + M3)
A13: 0 | B13: 1 | E13: The percentage of authorized web browser and email client software labeled as "unsupported" but found to be supported | F13: =IFERROR(F10/(F9+F10),0) -> 0 | G13: M5 / (M4 + M5)
A14: 0 | B14: 1 | E14: Safeguard 9.01 Final Score | F14: =IF(F6=0,0,AVERAGE((1-F11),AVERAGE((1-F12),(1-F13)))) -> 0 | G14: AVERAGE(% Supported, % Correctly Identified)
A16: 0 | B16: 1 | E16: Safeguard Scoring Incomplete | F16: NOTES:
A18: 0 | B18: 1 | C18: 9.02 | D18: Use DNS Filtering Services | F18: Measure | G18: Notes
A19: 0 | B19: 1 | D19: M1 | E19: Count of enterprise assets capable of supporting DNS filtering from GV01 | G19: identify and enumerate assets that support DNS filtering
A20: 0 | B20: 1 | D20: M2 | E20: Count of assets properly configured to support DNS filtering | G20: For each asset capable of supporting DNS filtering, check to see if a Configuration Standard (GV03.d) is applied to support authorized DNS filtering services. Identify and enumerate assets properly configured
A21: 0 | B21: 1 | D21: M3 | E21: Count of assets not properly configured to support DNS filtering | F21: =F19-F20 -> 0 | G21: M1 - M2
A22: 0 | B22: 1 | E22: The percentage of assets configured to use authorized DNS filtering services | F22: =IFERROR(F20/F19,0) -> 0 | G22: M2 / M1
A23: 0 | B23: 1 | E23: Safeguard 9.02 Final Score | F23: =F22 -> 0
A25: 0 | B25: 1 | E25: Safeguard Scoring Incomplete | F25: NOTES:
A27: 9 | B27: 2 | C27: 9.03 | D27: Maintain and Enforce Network-Based URL Filters | F27: Measure | G27: Notes
A28: 9 | B28: 2 | D28: M1 | E28: Count of enterprise assets (GV1) capable of supporting network-based URL filters | G28: Use GV1 to identify and enumerate enterprise assets capable of supporting network-based URL filters
A29: 9 | B29: 2 | D29: M2 | E29: Count of assets properly configured to support network-based URL filters | G29: For each asset identified in Operation 1 check to see if it is configured properly GV3 to support authorized web browsers/clients from Operation 2 Identify and enumerate assets properly configured
A30: 9 | B30: 2 | D30: M3 | E30: Count of assets not properly configured to support network-based URL filters | G30: For each asset identified in Operation 1 check to see if it is configured properly GV3 to support authorized web browsers/clients from Operation 2 Identify and enumerate assets not properly configured
A31: 9 | B31: 2 | E31: The percentage of assets configured to use authorized network-based URL filters | F31: =IFERROR(F29/F28,0) -> 0 | G31: M2 / M1
A32: 9 | B32: 2 | E32: Safeguard 9.03 Final Score | F32: =F31 -> 0
A34: 9 | B34: 2 | E34: Safeguard Scoring Incomplete | F34: NOTES:
A36: 9 | B36: 2 | C36: 9.04 | D36: Restrict Unnecessary or Unauthorized Browser and Email Client Extensions | F36: Measure | G36: Notes
A37: 9 | B37: 2 | D37: M1 | E37: Count of assets subject to browser/email plugin restrictions | G37: Identify and enumerate assets subject to browser/email plugin restrictions from GV1
A38: 9 | B38: 2 | D38: M2 | E38: Count of assets with only authorized browser plugins installed or enabled | G38: For each asset listed in Operation 1, collect the list of installed browser plugins and compare to the output of Operation 2 Identify and enumerate assets with only authorized browser plugins installed or enabled
A39: 9 | B39: 2 | D39: M3 | E39: Count of assets with unauthorized browser plugins installed or enabled | G39: For each asset listed in Operation 1, collect the list of installed browser plugins and compare to the output of Operation 2 Identify and enumerate assets with one or more unauthorized browser plugins installed or enabled (M3)
A40: 9 | B40: 2 | D40: M4 | E40: Count of assets with only authorized email plugins installed or enabled | G40: Identify and enumerate assets with only authorized email plugins installed or enabled
A41: 9 | B41: 2 | D41: M5 | E41: Count of assets with unauthorized email plugins installed or enabled | G41: Identify and enumerate assets with one or more unauthorized browser plugins installed or enabled
A42: 9 | B42: 2 | E42: The percentage of assets compliant with authorized browser plugins | F42: =IFERROR(F38/F37,0) -> 0 | G42: M2 / M1
A43: 9 | B43: 2 | E43: The percentage of assets compliant with authorized email plugins | F43: =IFERROR(F40/F37,0) -> 0 | G43: M4 / M1
A44: 9 | B44: 2 | E44: Safeguard 9.04 Final Score | F44: =AVERAGE(F42:F43) -> 0 | G44: AVERAGE(%browser plugins, %email plugins)
A46: 9 | B46: 2 | E46: Safeguard Scoring Incomplete | F46: NOTES:
A48: 9 | B48: 2 | C48: 9.05 | D48: Implement DMARC | F48: Measure | G48: Notes
A49: 9 | B49: 2 | D49: M1 | E49: Check if enterprise has a DMARC policy | G49: "1" if yes, "0" if no.
A50: 9 | B50: 2 | D50: M2 | E50: Examine TXT record published in DNS for a value indicative of the use of DMARC | G50: "1" if yes, "0" if no.
A51: 9 | B51: 2 | D51: M3 | E51: Examine TXT record published in DNS for a value indicative of the use of SPF | G51: "1" if yes, "0" if no.
A52: 9 | B52: 2 | D52: M4 | E52: Examine TXT record published in DNS for a value indicative of the use of DKIM | G52: "1" if yes, "0" if no.
A53: 9 | B53: 2 | D53: M5 | E53: Agency uses a Mail Transfer Agent | G53: "1" if yes, "0" if no.
A54: 9 | B54: 2 | D54: M6 | E54: Agency uses a Mail User Agent | G54: "1" if yes, "0" if no.
A55: 9 | B55: 2 | E55: Usage and configuration of DMARC/SPF/DKIM | F55: =(F49+F50+F51+F52+F53+F54)/6 -> 0 | G55: (M1 + M2 + M3 + M4 + M5 + M6) / 6
A56: 9 | B56: 2 | E56: Safeguard 9.05 Final Score | F56: =F55 -> 0
A58: 9 | B58: 2 | E58: Safeguard Scoring Incomplete | F58: NOTES:
A60: 9 | B60: 2 | C60: 9.06 | D60: Block Unnecessary File Types | F60: Measure | G60: Notes
A61: 9 | B61: 2 | D61: M1 | E61: Count of email gateways | G61: Use Enterprise Asset Inventory to identify and enumerate assets configured as email gateways
A62: 9 | B62: 2 | D62: M2 | E62: Count of properly configured email gateways | G62: Identify and enumerate email gateways properly configured to block unnecessary attachments
A63: 9 | B63: 2 | D63: M3 | E63: Count of improperly configured email gateways | G63: Identify and enumerate email gateways not properly configured to block unnecessary attachments
A64: 9 | B64: 2 | E64: The percentage of properly configured email gateways | F64: =IFERROR(F62/F61,0) -> 0 | G64: M2 / M1
A65: 9 | B65: 2 | E65: Safeguard 9.06 Final Score | F65: =F64 -> 0
A67: 9 | B67: 2 | E67: Safeguard Scoring Incomplete | F67: NOTES:
A69: 9 | B69: 3 | C69: 9.07 | D69: Deploy and Maintain Email Server Anti-Malware Protections | F69: Measure | G69: Notes
A70: 9 | B70: 3 | D70: M1 | E70: Count of email servers | G70: Use Enterprise Asset Inventory to identify and enumerate all email servers within the enterprise
A71: 9 | B71: 3 | D71: M2 | E71: Count of properly configured email servers | G71: Identify and enumerate email servers with configured anti-malware protection
A72: 9 | B72: 3 | D72: M3 | E72: Count of improperly configured email servers | G72: Identify and enumerate email servers without configured anti-malware protection
A73: 9 | B73: 3 | E73: The percentage of properly configured email servers | F73: =IFERROR(F71/F70,0) -> 0 | G73: M2 / M1
A74: 9 | B74: 3 | E74: Safeguard 9.07 Final Score | F74: =F73 -> 0
A76: 9 | B76: 3 | E76: Safeguard Scoring Incomplete | F76: NOTES:

Sheet Control 10
C2: Control 10: Malware Defenses | F2: Assessed | G2: https://cas.docs.cisecurity.org/en/latest/source/Controls10/
A4: 0 | B4: 1 | C4: 10.01 | D4: Deploy and Maintain Anti-Malware Software | F4: Measure | G4: Notes
A5: 0 | B5: 1 | D5: M1 | E5: Count of assets capable of supporting anti-malware software | G5: Use Enterprise Asset Inventory (GV01) to identify and enumerate assets capable of supporting anti-malware software. Tenable can be filtered by Plugin ID 16193 Antivirus Software Check
A6: 0 | B6: 1 | D6: M2 | E6: Count of assets with at least one authorized anti-malware software installed | G6: Identify and enumerate assets with at least one authorized anti-malware software installed: GV32
A7: 0 | B7: 1 | D7: M3 | E7: Count of assets with only unauthorized anti-malware software installed | G7: Identify and enumerate assets with only unauthorized anti-malware software installed
A8: 0 | B8: 1 | D8: M4 | E8: Count of assets without any anti-malware software installed | F8: =F5-(F6+F7) -> 0 | G8: Assets without any anti-malware software installed: M1 - (M2 + M3)
A9: 0 | B9: 1 | D9: M5 | E9: Count of assets with properly configured authorized anti-malware software installed | G9: Identify and enumerate assets with properly configured anti-malware software
A10: 0 | B10: 1 | D10: M6 | E10: Count of assets with improperly configured authorized anti-malware software installed | F10: =F6-F9 -> 0 | G10: Assets with improperly configured anti-malware software: M2 - M5
A11: 0 | B11: 1 | E11: The percentage of assets with properly configured authorized anti-malware installed | F11: =IFERROR(F9/F5,0) -> 0 | G11: M5 / M1
A12: 0 | B12: 1 | E12: Safeguard 10.01 Final Score | F12: =F11 -> 0
A14: 0 | B14: 1 | E14: Safeguard Scoring Incomplete | F14: NOTES:
A16: 0 | B16: 1 | C16: 10.02 | D16: Configure Automatic Anti-Malware Signature Updates | F16: Measure | G16: Notes
A17: 0 | B17: 1 | D17: M1 | E17: Count of assets capable of supporting anti-malware software | G17: Use Enterprise Asset Inventory (GV01) to identify and enumerate assets capable of supporting anti-malware software. Tenable can be filtered by Plugin ID 16193 Antivirus Software Check
A18: 0 | B18: 1 | D18: M2 | E18: Count of assets configured to automatically update signature files | G18: Identify and enumerate assets properly configured for automatic updates. Tenable:11936 filter to Windows machines only; 131023 looks for Defender; 16193 looks for Anti-Virus; 103569 timestamp that looks for out of date
A19: 0 | B19: 1 | D19: M3 | E19: Count of assets not configured to automatically update signature files | F19: =F17-F18 -> 0 | G19: Assets not properly configured for automatic updates: M1 - M2
A20: 0 | B20: 1 | E20: The percentage of assets properly configured to automatically update signature files | F20: =IFERROR(F18/F17,0) -> 0 | G20: M2 / M1
A21: 0 | B21: 1 | E21: Safeguard 10.02 Final Score | F21: =F20 -> 0
A23: 0 | B23: 1 | E23: Safeguard Scoring Incomplete | F23: NOTES:
A25: 0 | B25: 1 | C25: 10.03 | D25: Disable Autorun and Autoplay for Removable Media | F25: Measure | G25: Notes
A26: 0 | B26: 1 | D26: M1 | E26: Count of assets capable of performing autorun, autoplay, and auto-execute functions | F26: 0 | G26: Use Sampled Assets to identify and enumerate enterprise assets capable of performing autorun, autoplay, and auto-execute functions
D27: M2 | E27: Sum of properly configured settings to disable autorun/autoplay functions | F27: =SUM(F28:F30) -> 0
D28: M2.a | E28: Count of Assets properly configured to disable MTP Autoplay | F28: 0 | G28: Policy Setting SOFTWARE\Policies\Microsoft\Windows\Explorer|NoAutoplayfornonVolume or Defender SCID-67
D29: M2.b | E29: Count of Assets properly configured to disable Autoplay on all drives | F29: 0 | G29: Policy Setting SOFTWARE\Microsoft\Windows\CurrentVersion\Policies\Explorer|NoAutorun or Defender SCID-69
A30: 0 | B30: 1 | D30: M2.c | E30: Count of Assets properly configured to disable Autorun | F30: 0 | G30: Policy Setting Software\Microsoft\Windows\CurrentVersion\Policies\Explorer|NoDriveTypeAutoRun or Defender SCID-70
A31: 0 | B31: 1 | D31: M3 | E31: Count of improperly configured Autoplay/Autorun settings | F31: =(F26*3)-F27 -> 0 | G31: Improperly configured settings: (M1*3) - M2
A32: 0 | B32: 1 | E32: The percentage of assets properly configured to disable autorun, autoplay, and auto-execute functions | F32: =IFERROR(F27/(F26*3),0) -> 0 | G32: M2 / (M1*3)
A33: 0 | B33: 1 | E33: Safeguard 10.03 Final Score | F33: =F32 -> 0
A35: 0 | B35: 1 | E35: Safeguard Scoring Incomplete | F35: NOTES:
A37: 9 | B37: 2 | C37: 10.04 | D37: Configure Automatic Anti-Malware Scanning of Removable Media | F37: Measure | G37: Notes
A38: 9 | B38: 2 | D38: M1 | E38: Count of assets capable of supporting anti-malware software | F38: =F5 -> 0 | G38: 10.01 M1
A39: 9 | B39: 2 | D39: M2 | E39: Count of assets with anti-malware properly configured to scan removable media | G39: Identify and enumerate assets with properly configured software
A40: 9 | B40: 2 | D40: M3 | E40: Count of assets with anti-malware not properly configured to scan removable media | F40: =F38-F39 -> 0 | G40: Assets with improperly configured software: M1 - M2
A41: 9 | B41: 2 | E41: The percentage of assets with properly configured software to automatically scan removable media | F41: =IFERROR(F39/F38,0) -> 0 | G41: M2 / M1
A42: 9 | B42: 2 | E42: Safeguard 10.04 Final Score | F42: =F41 -> 0
A44: 9 | B44: 2 | E44: Safeguard Scoring Incomplete | F44: NOTES:
A46: 9 | B46: 2 | C46: 10.05 | D46: Enable Anti-Exploitation Features | F46: Measure | G46: Notes
A47: 9 | B47: 2 | D47: M1 | E47: Count of assets capable of supporting anti-malware software from 10.01 (M1) | F47: =F5 -> 0 | G47: Assets Capable of Supporting Anti-Malware Software
A48: 9 | B48: 2 | D48: M2 | E48: Count of assets properly configured to enable anti-exploitation features | G48: Identify and enumerate assets properly configured to enable anti-exploitation features
A49: 9 | B49: 2 | D49: M3 | E49: Count of assets not properly configured to enable anti-exploitation features | F49: =F47-F48 -> 0 | G49: Assets not properly configured to enable anti-exploitation features: M1 - M2
A50: 9 | B50: 2 | E50: The percentage of assets properly configured to enable anti-exploitation features | F50: =IFERROR(F48/F47,0) -> 0 | G50: M2 / M1
A51: 9 | B51: 2 | E51: Safeguard 10.05 Final Score | F51: =F50 -> 0
A53: 9 | B53: 2 | E53: Safeguard Scoring Incomplete | F53: NOTES:
A55: 9 | B55: 2 | C55: 10.06 | D55: Centrally Manage Anti-Malware Software | F55: Measure | G55: Notes
A56: 9 | B56: 2 | D56: M1 | E56: Count of Authorized anti-malware software on the Authorized Software Inventory | G56: Use Authorized Software Inventory (GV5) to identify authorized anti-malware software
A57: 9 | B57: 2 | D57: M2 | E57: Count of authorized anti-malware software that is centrally managed | G57: Identify and enumerate anti-malware software that is centrally managed
A58: 9 | B58: 2 | D58: M3 | E58: Count of authorized anti-malware software that is not centrally managed | F58: =F56-F57 -> 0 | G58: Anti-malware software that is not centrally managed: M1 - M2
A59: 9 | B59: 2 | E59: The percentage of anti-malware centrally managed | F59: =IFERROR(F57/F56,0) -> 0 | G59: M2 / M1
A60: 9 | B60: 2 | E60: Safeguard 10.06 Final Score | F60: =F59 -> 0
A62: 9 | B62: 2 | E62: Safeguard Scoring Incomplete | F62: NOTES:
A64: 9 | B64: 2 | C64: 10.07 | D64: Use Behavior-Based Anti-Malware Software | F64: Measure | G64: Notes
A65: 9 | B65: 2 | D65: M1 | E65: Count of assets capable of supporting behavior-based anti-malware software | G65: Use Enterprise Asset Inventory (GV1) to identify and enumerate assets capable of supporting behavior-based anti-malware software
A66: 9 | B66: 2 | D66: M2 | E66: Count of assets with at least one authorized behavior-based anti-malware software installed | G66: Identify and enumerate assets with at least one authorized behavior-based anti-malware software installed
A67: 9 | B67: 2 | D67: M3 | E67: Count of assets without any behavior-based anti-malware software installed | F67: =F65-F66 -> 0 | G67: Assets without any behavior-based anti-malware software installed: M1 - M2
A68: 9 | B68: 2 | D68: M4 | E68: Count of assets with properly configured authorized behavior-based anti-malware software installed | G68: Identify and enumerate assets with properly configured behavior-based anti-malware software
A69: 9 | B69: 2 | D69: M5 | E69: Count of assets with improperly configured authorized behavior-based anti-malware software installed | F69: =F65-F68 -> 0 | G69: Assets with improperly configured authorized behavior-based anti-malware software installed: M1 - M4
A70: 9 | B70: 2 | E70: The percentage of assets with properly configured authorized behavior-based anti-malware installed | F70: =IFERROR(F68/F65,0) -> 0 | G70: M4 / M1
A71: 9 | B71: 2 | E71: Safeguard 10.07 Final Score | F71: =F70 -> 0
A73: 9 | B73: 2 | E73: Safeguard Scoring Incomplete | F73: NOTES:

Sheet Control 11
C2: Control 11: Data Recovery | F2: Assessed | G2: https://cas.docs.cisecurity.org/en/latest/source/Controls11/
A4: 0 | B4: 1 | C4: 11.01 | D4: Establish and Maintain a Data Recovery Process | F4: Measure | G4: Notes
A5: 0 | B5: 1 | D5: M1 | E5: Check if the enterprise has a data recovery process (AD11) | F5: =IF(Artifacts!E47="Artifact Provided",1,0) -> 0 | G5: "1" if yes, "0" if no
A6: 0 | B6: 1 | D6: M2 | E6: Sum of elements included in the data recovery process | F6: =SUM(F7:F9) -> 0
A7: 0 | B7: 1 | D7: M2.a | E7: Examine the enterprise's data recovery process and determine if it addresses the scope of data recovery activities | G7: "1" for yes, "0" for no
A8: 0 | B8: 1 | D8: M2.b | E8: Examine the enterprise's data recovery process and determine if it addresses recovery prioritization | G8: "1" for yes, "0" for no
A9: 0 | B9: 1 | D9: M2.c | E9: Examine the enterprise's data recovery process and determine if it addresses the security of backup data | G9: "1" for yes, "0" for no
A10: 0 | B10: 1 | D10: M3 | E10: Timeframe in months of the last update to the data recovery process | F10: =DATEDIF(Artifacts!$F$47,GlobalSettings!$C$4,"m") -> 1508
A11: 0 | B11: 1 | E11: The percentage of elements included in the data recovery process | F11: =F6/3 -> 0 | G11: M2 / 3
A12: 0 | B12: 1 | E12: Safeguard 11.01 Final Completeness Score | F12: =IF(F5=0,0,IF(F10<=GlobalSettings!$C$8,F11,IF(GlobalSettings!$C$10="No",0,F11*(GlobalSettings!$C$6-0.01)))) -> 0 | G12: IF process is not provided, Safeguard receives a "0" score | M3>[defined timeframe], Safeguard receives a "0" or reduced score
A14: 0 | B14: 1 | E14: Safeguard Scoring Incomplete | F14: NOTES:
A16: 0 | B16: 1 | C16: 11.02 | D16: Perform Automated Backups | F16: Measure | G16: Notes
A17: 0 | B17: 1 | D17: M1 | E17: Count of assets within scope for automated backups (GV33) | F17: 0 | G17: For each asset in GV01 identify and enumerate assets that are in-scope for automated backups
A18: 0 | B18: 1 | D18: M2 | E18: Count of in-scope assets with authorized backup software installed (GV34) | F18: 0 | G18: Identify and enumerate assets covered by at least one authorized backup software
A19: 0 | B19: 1 | D19: M3 | E19: Count of in-scope assets without authorized backup software installed | F19: =IFERROR(F17-F18,0) -> 0 | G19: Identify and enumerate assets not covered by at least one authorized backup software
A20: 0 | B20: 1 | D20: M4 | E20: Count of in-scope assets with properly configured backup software | F20: 0 | G20: Identify and enumerate assets with properly configured backup software
A21: 0 | B21: 1 | D21: M5 | E21: Count of in-scope assets with improperly configured backup software | F21: =IFERROR(F17-F20,0) -> 0 | G21: Identify and enumerate assets with improperly configured backup software
A22: 0 | B22: 1 | D22: M6 | E22: Count of in-scope assets backed up within a week | F22: 0 | G22: Identify and enumerate assets that have been backup within seven days or less
A23: 0 | B23: 1 | D23: M7 | E23: Count of in-scope assets not backed up within a week | F23: 0 | G23: Identify and enumerate assets that have been backed up outside of a seven-day window
A24: 0 | B24: 1 | E24: The percentage of in-scope assets with properly configured authorized backup software | F24: =IFERROR(F20/F17,0) -> 0 | G24: M4 / M1
A25: 0 | B25: 1 | E25: The percentage of in-scope assets backed up within a week timeframe | F25: =IFERROR(F22/F17,0) -> 0 | G25: M6 / M1
A26: 0 | B26: 1 | E26: Safeguard 11.02 Final Score | F26: =AVERAGE(F24:F25) -> 0
A28: 0 | B28: 1 | E28: Safeguard Scoring Incomplete | F28: NOTES:
A30: 0 | B30: 1 | C30: 11.03 | D30: Protect Recovery Data | F30: Measure | G30: Notes
A31: 0 | B31: 1 | D31: M1 | E31: Count of Input 1: GV33 | F31: =F17 -> 0 | G31: For each asset with backup software installed GV34, use GV3 to check if encryption is configured for backups (From 11.02 M1)
A32: 0 | B32: 1 | D32: M2 | E32: Count of software configured to encrypt backups | F32: 0 | G32: Identify and enumerate assets with software configured to encrypt backup
A33: 0 | B33: 1 | D33: M3 | E33: Count of software not configured to encrypt backups | F33: =F31-F32 -> 0 | G33: Identify and enumerate assets with software not configured to encrypt backups
A34: 0 | B34: 1 | E34: The percentage of in-scope assets with backup software properly configured to encrypt backups | F34: =IFERROR(F32/F31,0) -> 0 | G34: M2 / M1
A35: 0 | B35: 1 | E35: Safeguard 11.03 Final Score | F35: =F34 -> 0
A37: 0 | B37: 1 | E37: Safeguard Scoring Incomplete | F37: NOTES:
A39: 0 | B39: 1 | C39: 11.04 | D39: Establish and Maintain an Isolated Instance of Recovery Data | F39: Measure | G39: Notes
A40: 0 | B40: 1 | D40: M1 | E40: Count of Input 1 GV33 | F40: =F17 -> 0 | G40: For each asset in GV34, use configuration standards in GV3 to check the destination of backups
A41: 0 | B41: 1 | D41: M2 | E41: Count of assets with backups sent to an isolated instance | F41: 0 | G41: Identify and enumerate assets properly configured to send backups to an isolated instance
A42: 0 | B42: 1 | D42: M3 | E42: Count of assets with backups not sent to an isolated instance | F42: =F40-F41 -> 0 | G42: Identify and enumerate assets not properly configured to send backups to an isolated instance
A43: 0 | B43: 1 | E43: The percentage of assets configured to send backups to an isolated instance | F43: =IFERROR(F41/F40,0) -> 0 | G43: M2 / M1
A44: 0 | B44: 1 | E44: Safeguard 11.04 Final Score | F44: =F43 -> 0
A45: 0
A46: 0 | B46: 1 | E46: Safeguard Scoring Incomplete | F46: NOTES:
A48: 9 | B48: 2 | C48: 11.05 | D48: Test Data Recovery | F48: Measure | G48: Notes
A49: 9 | B49: 2 | D49: M1 | E49: Count of backups being tested | G49: Enumerate the total number of backups restored
A50: 9 | B50: 2 | D50: M2 | E50: Count of properly working backups after restoration | G50: Identify and enumerate backups that are properly working after being restored
A51: 9 | B51: 2 | D51: M3 | E51: Count of backups not properly working after restoration | G51: Identify and enumerate backups that did not properly work after being restored
A52: 9 | B52: 2 | D52: M4 | E52: Timeframe between tests of backup recovery | G52: Compare Input 2 to the current date and capture the time frame in months
A53: 9 | B53: 2 | E53: The percentage of restored backup sampling deemed to be properly working | F53: =IF(F52<3,0,) -> 0 | G53: M2 / M1
A54: 9 | B54: 2 | E54: Safeguard 11.05 Final Score | F54: =F53 -> 0
A56: 9 | B56: 2 | E56: Safeguard Scoring Incomplete | F56: NOTES:

Sheet Control 12
C2: Control 12: Network Infrastructure Management | F2: Not Assessed | G2: https://cas.docs.cisecurity.org/en/latest/source/Controls12/
A4: 9 | B4: 1 | C4: 12.01 | D4: Ensure Network Infrastructure is Up-to-Date | F4: Measure | G4: Notes
A5: 9 | B5: 1 | D5: M1 | E5: Count of network infrastructure assets | G5: Use Enterprise Asset Inventory (GV1) to identify and enumerate assets that are part of the network infrastructure GV35
A6: 9 | B6: 1 | D6: M2 | E6: Count of network infrastructure assets up to date | G6: Identify and enumerate assets that match the most recent version
A7: 9 | B7: 1 | D7: M3 | E7: Count of network infrastructure assets not up to date | F7: =F5-F6 -> 0 | G7: Assets that don't match the most recent version
A8: 9 | B8: 1 | D8: M4 | E8: Timeframe since the last review of network infrastructure (Subset of GV1) | F8: =DATEDIF(Artifacts!$F$3,GlobalSettings!$C$4,"m") -> 1508 | G8: If M4 is greater than thirty days, then this Safeguard is measured at a 0 and receives a failing score. The other metrics don't apply.
A9: 9 | B9: 1 | E9: The percentage of network infrastructure assets that are up to date | F9: =IFERROR(IF(F8<=30,F6/F5,0),0) -> 0 | G9: M2 / M1
A10: 9 | B10: 1 | E10: Safeguard 12.01 Final Score | F10: =F9 -> 0
A12: 9 | B12: 1 | E12: Safeguard Scoring Incomplete | F12: NOTES:
A14: 9 | B14: 2 | C14: 12.02 | D14: Establish and Maintain a Secure Network Architecture | F14: Measure | G14: Notes
A15: 9 | B15: 2 | D15: M1 | E15: Count of network segments within the enterprise | G15: Use the network architecture GV4 to identify and enumerate the segments within the enterprise network GV36
A16: 9 | B16: 2 | D16: M2 | E16: Count of segments not compliant with least privilege | F16: =F15-F17 -> 0 | G16: Identify and enumerate segments that allow you to connect unauthorized devices
A17: 9 | B17: 2 | D17: M3 | E17: Count of segments compliant with least privilege | G17: Segments that do not allow you to connect unauthorized devices
A18: 9 | B18: 2 | D18: M4 | E18: Count of segments monitored for availability | G18: Identify and enumerate segments that are covered by availability monitoring software
A19: 9 | B19: 2 | D19: M5 | E19: Count of segments not monitored for availability | F19: =F15-F18 -> 0 | G19: Segments that are not covered by availability monitoring software
A20: 9 | B20: 2 | E20: Segmentation | F20: =IF(F15<=1,0,1) -> 0 | G20: If M1 is equal to 1, this metric is measured at a 0. Subsequent metrics can still be assessed.
A21: 9 | B21: 2 | E21: Least Privilege | F21: =IFERROR(F17/F15,0) -> 0 | G21: The percentage of network segments implementing least privilege. M3 / M1
A22: 9 | B22: 2 | E22: Availability | F22: =IFERROR(F18/F15,0) -> 0 | G22: The percentage of network segments monitored for network availability M4 / M1
A23: 9 | B23: 2 | E23: Safeguard 12.02 Final Score | F23: =AVERAGE(F20:F22) -> 0
A25: 9 | B25: 2 | E25: Safeguard Scoring Incomplete | F25: NOTES:
A27: 9 | B27: 2 | C27: 12.03 | D27: Securely Manage Network Infrastructure | F27: Measure | G27: Notes
A28: 9 | B28: 2 | D28: M1 | E28: Count of GV35 assets that are part of the network infrastructure | F28: =F5 -> 0 | G28: Obtained from M1 of 12.01
A29: 9 | B29: 2 | D29: M2 | E29: Count of network infrastructure assets using encrypted sessions | G29: Identify and enumerate assets using encrypted sessions
A30: 9 | B30: 2 | D30: M3 | E30: Count of network infrastructure assets not using encrypted sessions | F30: =F28-F29 -> 0 | G30: Assets not using encrypted sessions
A31: 9 | B31: 2 | D31: M4 | E31: Count of network segments (GV36) segments within the enterprise network | F31: =F15 -> 0 | G31: Obtained from M1 of 12.02
A32: 9 | B32: 2 | D32: M5 | E32: Count of network segments using infrastructure-as-code | G32: Identify and enumerate network segments that use infrastructure-as-code for the whole segment or partial
A33: 9 | B33: 2 | D33: M6 | E33: Count of network segments not using infrastructure-as-code | F33: =F31-F32 -> 0 | G33: Network segments that do not use infrastructure-as-code for any portion of the segment
A34: 9 | B34: 2 | D34: M7 | E34: Count of network segments covered by version-controlled infrastructure-as-code | G34: Identify and enumerate network segments covered by version-controlled infrastructure-as-code
A35: 9 | B35: 2 | D35: M8 | E35: Count of network segments covered by unmanaged infrastructure-as-code | F35: =F31-F34 -> 0 | G35: Network segments covered by infrastructure-as-code is not managed through version control
A36: 9 | B36: 2 | E36: The percentage of network infrastructure assets using encrypted sessions | F36: =IFERROR(F29/F28,0) -> 0 | G36: M2 / M1
A37: 9 | B37: 2 | E37: The percentage of network segments covered by version-controlled infrastructure-as-code | F37: =IFERROR(F34/F31,0) -> 0 | G37: M7 / M4
A38: 9 | B38: 2 | E38: Safeguard 12.03 Final Score | F38: =AVERAGE(F36:F37) -> 0
A40: 9 | B40: 2 | E40: Safeguard Scoring Incomplete | F40: NOTES:
A42: 9 | B42: 2 | C42: 12.04 | D42: Establish and Maintain Architecture Diagram(s) | F42: Measure | G42: Notes
A43: 9 | B43: 2 | D43: M1 | E43: Determine if Enterprise Network Architecture Documentation exists (GV04) | F43: =IF(Artifacts!E12="Artifact Provided", 1,0) -> 0 | G43: "1" for yes, "0" for no
A44: 9 | B44: 2 | D44: M2 | E44: Timeframe in months of the last review or update to the documentation | F44: =DATEDIF(Artifacts!$F$12,GlobalSettings!$C$4,"m") -> 1508
A45: 9 | B45: 2 | E45: Safeguard 12.04 Final Score | F45: =IF(F43=0,0,IF(F44<=12,1,IF(GlobalSettings!$C$12="No",0,0.5))) -> 0 | G45: If GV04 is not provided, Safeguard receives a "0" score | If M2 > 12, Safeguard receives a "0" or reduced score
A47: 9 | B47: 2 | E47: Safeguard Scoring Incomplete | F47: NOTES:
A49: 9 | B49: 2 | C49: 12.05 | D49: Centralize Network Authentication, Authorization, and AuCentralize network AAA | F49: Measure | G49: Notes
A50: 9 | B50: 2 | D50: M1 | E50: Count of AAA services within the enterprise | G50: Use Authorized Software Inventory(GV5) to identify and enumerate all AAA services within the enterprise (GV35)
A51: 9 | B51: 2 | D51: M2 | E51: Count of unnecessary AAA services | G51: Identify and enumerate authentication points that are unnecessary or can be consolidated
A52: 9 | B52: 2 | D52: M3 | E52: Count of necessary AAA services | F52: =F50-F51 -> 0 | G52: Authentication points that are necessary and cannot be consolidated
A53: 9 | B53: 2 | D53: M4 | E53: Count of network infrastructure covered by AAA services | G53: Identify and enumerate network infrastructure assets that are covered by at least one AAA system
A54: 9 | B54: 2 | D54: M5 | E54: Count of network infrastructure not covered by AAA services | F54: =F55-F53 -> 0 | G54: Network infrastructure assets that are not covered by an AAA system
A55: 9 | B55: 2 | D55: M6 | E55: Count of GV35 | G55: Assets that are Part of the Network Infrastructure
A56: 9 | B56: 2 | E56: Percentage of properly centralized AAA services | F56: =IFERROR(F52/F50,0) -> 0 | G56: M3 / M1
A57: 9 | B57: 2 | E57: Percentage of network infrastructure assets managed through AAA | F57: =IFERROR(F53/F55,0) -> 0 | G57: M4 / M6
A58: 9 | B58: 2 | E58: Safeguard 12.05 Final Score | F58: =AVERAGE(F56:F57) -> 0
A60: 9 | B60: 2 | E60: Safeguard Scoring Incomplete | F60: NOTES:
A62: 9 | B62: 2 | C62: 12.06 | D62: Use of Secure Network Management and Communication Protocols | F62: Measure | G62: Notes
A63: 9 | B63: 2 | D63: M1 | E63: Count of GV36 | G63: GV36: Segments within the Enterprise Network
A64: 9 | B64: 2 | D64: M2 | E64: Count of segments using authorized communication protocols | G64: Identify and enumerate segments using only communication protocols on the authorized list
A65: 9 | B65: 2 | D65: M3 | E65: Count of segments using unauthorized communication protocols | F65: =F63-F64 -> 0 | G65: Segments using communication protocols not on the authorized list
A66: 9 | B66: 2 | D66: M4 | E66: Count of segments using properly configured authorized communication protocols | G66: Identify and enumerate segments using properly configured communication protocols
A67: 9 | B67: 2 | D67: M5 | E67: Count of segments using improperly configured authorized communication protocols | F67: =F63-F66 -> 0 | G67: Segments using improperly configured communication protocols
A68: 9 | B68: 2 | D68: M6 | E68: Count of segments using unauthorized network management protocols | G68: Identify and enumerate segments using only network management protocols on the authorized lis
A69: 9 | B69: 2 | D69: M7 | E69: Count of segments using unauthorized network management protocols | F69: =F63-F68 -> 0 | G69: Segments using network management protocols not on the authorized list
A70: 9 | B70: 2 | D70: M8 | E70: Count of segments using properly configured authorized network management protocols | G70: Identify and enumerate segments using properly configured network management protocols
A71: 9 | B71: 2 | D71: M9 | E71: Count of segments using improperly configured authorized network management protocols | F71: =F63-F70 -> 0 | G71: Segments using improperly configured network management protocols
A72: 9 | B72: 2 | E72: The percentage of network segments using properly configured and authorized communication protocols | F72: =IFERROR(F66/F63,0) -> 0 | G72: M4 / M1
A73: 9 | B73: 2 | E73: The percentage of network segments using properly configured and authorized network management protocols | F73: =IFERROR(F70/F63,0) -> 0 | G73: M8 / M1
A74: 9 | B74: 2 | E74: Safeguard 12.06 Final Score | F74: =AVERAGE(F72:F73) -> 0
A76: 9 | B76: 2 | E76: Safeguard Scoring Incomplete | F76: NOTES:
A78: 9 | B78: 2 | C78: 12.07 | D78: Ensure Remote Devices Utilize a VPN and are Connecting to an Enterprise's AAA Infrastructure | F78: Measure | G78: Notes
A79: 9 | B79: 2 | D79: M1 | E79: Count of remote enterprise assets | G79: Use Enterprise Asset Inventory (GV1) to identify and enumerate remote enterprise assets (GV39)
A80: 9 | B80: 2 | D80: M2 | E80: Count of VPN devices and software | G80: Use Enterprise Asset Inventory (GV1) and Authorized Software Inventory (GV5) to identify and enumerate all VPN devices and software
A81: 9 | B81: 2 | D81: M3 | E81: Count of properly configured VPN devices and software | G81: Identify and enumerate VPN devices and software properly configured to require authentication prior to granting access
A82: 9 | B82: 2 | D82: M4 | E82: Count of improperly configured VPN devices and software | F82: =F80-F81 -> 0 | G82: VPN devices and software not properly configured to require authentication prior to granting access
A83: 9 | B83: 2 | D83: M5 | E83: Count of remote assets covered by a properly configured VPN | G83: Identify and enumerate assets that are covered by a VPN
A84: 9 | B84: 2 | D84: M6 | E84: Count of remote assets not covered by a properly configured VPN | F84: =F80-F83 -> 0 | G84: Assets that are not covered by a VPN
A85: 9 | B85: 2 | D85: M7 | E85: Count of properly configured AAA services | G85: Identify and enumerate AAA services properly configured to require authentication prior to granting access
A86: 9 | B86: 2 | D86: M8 | E86: Count of improperly configured AAA services | F86: =F90-F85 -> 0 | G86: AAA services not properly configured to require authentication prior to granting access
A87: 9 | B87: 2 | D87: M9 | E87: Count of remote assets covered by a properly configured AAA service | G87: Identify and enumerate assets that are covered by an AAA service
A88: 9 | B88: 2 | D88: M10 | E88: Count of remote assets not covered by a properly configured AAA service | F88: =F90-F87 -> 0 | G88: Assets that are not covered by an AAA service
A89: 9 | B89: 2 | D89: M11 | E89: Count of remote assets covered by both VPN and AAA | F89: =SUM(F85+F81) -> 0 | G89: Identify and enumerate assets covered by both VPN and AAA. Compare the output of Operation M5 and M9
A90: 9 | B90: 2 | D90: M12 | E90: Count of AAA services within the enterprise
A91: 9 | B91: 2 | E91: The percentage of properly configured VPN devices and software | F91: =IFERROR(F81/F80,0) -> 0 | G91: M3 / M2
A92: 9 | B92: 2 | E92: The percentage of properly configured AAA services | F92: =IFERROR(F85/F90,0) -> 0 | G92: M7 / M12
A93: 9 | B93: 2 | E93: The percentage of remote assets using VPN and AAA | F93: =IFERROR(F89/F79,0) -> 0 | G93: M11 / M1
A94: 9 | B94: 2 | E94: Safeguard 12.07 Final Score | F94: =AVERAGE(F91:F93) -> 0
A96: 9 | B96: 2 | E96: Safeguard Scoring Incomplete | F96: NOTES:
A98: 9 | B98: 3 | C98: 12.08 | D98: Establish and Maintain Dedicated Computing Resources for All Administrative Work | F98: Measure | G98: Notes
A99: 9 | B99: 3 | D99: M1 | E99: Count of assets used for administrative purposes | G99: Use Enterprise Asset Inventory (GV1) to identify and enumerate assets used for administrative purposes
A100: 9 | B100: 3 | D100: M2 | E100: Count of assets configured to not allow internet access | G100: Identify and enumerate assets that do not have internet access
A101: 9 | B101: 3 | D101: M3 | E101: Count of assets configured to allow internet access | F101: =F99-F100 -> 0 | G101: Assets that have internet access
